-- phpMyAdmin SQL Dump
-- version 5.2.0
-- https://www.phpmyadmin.net/
--
-- Máy chủ: localhost:3306
-- Thời gian đã tạo: Th12 14, 2025 lúc 03:40 PM
-- Phiên bản máy phục vụ: 10.4.25-MariaDB
-- Phiên bản PHP: 8.0.24

SET SQL_MODE = "NO_AUTO_VALUE_ON_ZERO";
START TRANSACTION;
SET time_zone = "+00:00";


/*!40101 SET @OLD_CHARACTER_SET_CLIENT=@@CHARACTER_SET_CLIENT */;
/*!40101 SET @OLD_CHARACTER_SET_RESULTS=@@CHARACTER_SET_RESULTS */;
/*!40101 SET @OLD_COLLATION_CONNECTION=@@COLLATION_CONNECTION */;
/*!40101 SET NAMES utf8mb4 */;

--
-- Cơ sở dữ liệu: `bitnami_redmine`
--

-- --------------------------------------------------------

--
-- Cấu trúc bảng cho bảng `ar_internal_metadata`
--

CREATE TABLE `ar_internal_metadata` (
  `key` varchar(255) COLLATE utf8mb4_unicode_ci NOT NULL,
  `value` varchar(255) COLLATE utf8mb4_unicode_ci DEFAULT NULL,
  `created_at` datetime(6) NOT NULL,
  `updated_at` datetime(6) NOT NULL
) ENGINE=InnoDB DEFAULT CHARSET=utf8mb4 COLLATE=utf8mb4_unicode_ci;

--
-- Đang đổ dữ liệu cho bảng `ar_internal_metadata`
--

INSERT INTO `ar_internal_metadata` (`key`, `value`, `created_at`, `updated_at`) VALUES
('environment', 'production', '2025-12-13 21:46:44.222780', '2025-12-13 21:46:44.222780');

-- --------------------------------------------------------

--
-- Cấu trúc bảng cho bảng `attachments`
--

CREATE TABLE `attachments` (
  `id` int(11) NOT NULL,
  `container_id` int(11) DEFAULT NULL,
  `container_type` varchar(30) COLLATE utf8mb4_unicode_ci DEFAULT NULL,
  `filename` varchar(255) COLLATE utf8mb4_unicode_ci NOT NULL DEFAULT '',
  `disk_filename` varchar(255) COLLATE utf8mb4_unicode_ci NOT NULL DEFAULT '',
  `filesize` bigint(20) NOT NULL DEFAULT 0,
  `content_type` varchar(255) COLLATE utf8mb4_unicode_ci DEFAULT '',
  `digest` varchar(64) COLLATE utf8mb4_unicode_ci NOT NULL DEFAULT '',
  `downloads` int(11) NOT NULL DEFAULT 0,
  `author_id` int(11) NOT NULL DEFAULT 0,
  `created_on` timestamp NULL DEFAULT NULL,
  `description` varchar(255) COLLATE utf8mb4_unicode_ci DEFAULT NULL,
  `disk_directory` varchar(255) COLLATE utf8mb4_unicode_ci DEFAULT NULL
) ENGINE=InnoDB DEFAULT CHARSET=utf8mb4 COLLATE=utf8mb4_unicode_ci;

--
-- Đang đổ dữ liệu cho bảng `attachments`
--

INSERT INTO `attachments` (`id`, `container_id`, `container_type`, `filename`, `disk_filename`, `filesize`, `content_type`, `digest`, `downloads`, `author_id`, `created_on`, `description`, `disk_directory`) VALUES
(1, 2, 'Project', 'TÀI LIỆU ĐẶC TẢ HỆ THỐNG.docx', '251214131309_898f823f11a9f0a4655f50da90ed07a1.docx', 19549, 'application/vnd.openxmlformats-officedocument.wordprocessingml.document', '9415f2d7e02d55f50bcb08cb2188fd1763e967dd6b69fdf4e12fcf8893628693', 0, 1, '2025-12-14 06:13:09', '', '2025/12'),
(2, 11, 'Issue', 'loi.png', '251214210720_loi.png', 31881, 'image/png', '24a208568ed230c3a1a5572e1cf0ff0afe6de60cb1a5838525f9b5c0fb64f009', 0, 1, '2025-12-14 14:07:20', '', '2025/12');

-- --------------------------------------------------------

--
-- Cấu trúc bảng cho bảng `auth_sources`
--

CREATE TABLE `auth_sources` (
  `id` int(11) NOT NULL,
  `type` varchar(30) COLLATE utf8mb4_unicode_ci NOT NULL DEFAULT '',
  `name` varchar(60) COLLATE utf8mb4_unicode_ci NOT NULL DEFAULT '',
  `host` varchar(60) COLLATE utf8mb4_unicode_ci DEFAULT NULL,
  `port` int(11) DEFAULT NULL,
  `account` varchar(255) COLLATE utf8mb4_unicode_ci DEFAULT NULL,
  `account_password` varchar(255) COLLATE utf8mb4_unicode_ci DEFAULT '',
  `base_dn` varchar(255) COLLATE utf8mb4_unicode_ci DEFAULT NULL,
  `attr_login` varchar(30) COLLATE utf8mb4_unicode_ci DEFAULT NULL,
  `attr_firstname` varchar(30) COLLATE utf8mb4_unicode_ci DEFAULT NULL,
  `attr_lastname` varchar(30) COLLATE utf8mb4_unicode_ci DEFAULT NULL,
  `attr_mail` varchar(30) COLLATE utf8mb4_unicode_ci DEFAULT NULL,
  `onthefly_register` tinyint(1) NOT NULL DEFAULT 0,
  `tls` tinyint(1) NOT NULL DEFAULT 0,
  `filter` text COLLATE utf8mb4_unicode_ci DEFAULT NULL,
  `timeout` int(11) DEFAULT NULL,
  `verify_peer` tinyint(1) NOT NULL DEFAULT 1
) ENGINE=InnoDB DEFAULT CHARSET=utf8mb4 COLLATE=utf8mb4_unicode_ci;

-- --------------------------------------------------------

--
-- Cấu trúc bảng cho bảng `boards`
--

CREATE TABLE `boards` (
  `id` int(11) NOT NULL,
  `project_id` int(11) NOT NULL,
  `name` varchar(255) COLLATE utf8mb4_unicode_ci NOT NULL DEFAULT '',
  `description` varchar(255) COLLATE utf8mb4_unicode_ci DEFAULT NULL,
  `position` int(11) DEFAULT NULL,
  `topics_count` int(11) NOT NULL DEFAULT 0,
  `messages_count` int(11) NOT NULL DEFAULT 0,
  `last_message_id` int(11) DEFAULT NULL,
  `parent_id` int(11) DEFAULT NULL
) ENGINE=InnoDB DEFAULT CHARSET=utf8mb4 COLLATE=utf8mb4_unicode_ci;

-- --------------------------------------------------------

--
-- Cấu trúc bảng cho bảng `changes`
--

CREATE TABLE `changes` (
  `id` int(11) NOT NULL,
  `changeset_id` int(11) NOT NULL,
  `action` varchar(1) COLLATE utf8mb4_unicode_ci NOT NULL DEFAULT '',
  `path` text COLLATE utf8mb4_unicode_ci NOT NULL,
  `from_path` text COLLATE utf8mb4_unicode_ci DEFAULT NULL,
  `from_revision` varchar(255) COLLATE utf8mb4_unicode_ci DEFAULT NULL,
  `revision` varchar(255) COLLATE utf8mb4_unicode_ci DEFAULT NULL,
  `branch` varchar(255) COLLATE utf8mb4_unicode_ci DEFAULT NULL
) ENGINE=InnoDB DEFAULT CHARSET=utf8mb4 COLLATE=utf8mb4_unicode_ci;

-- --------------------------------------------------------

--
-- Cấu trúc bảng cho bảng `changesets`
--

CREATE TABLE `changesets` (
  `id` int(11) NOT NULL,
  `repository_id` int(11) NOT NULL,
  `revision` varchar(255) COLLATE utf8mb4_unicode_ci NOT NULL,
  `committer` varchar(255) COLLATE utf8mb4_unicode_ci DEFAULT NULL,
  `committed_on` datetime NOT NULL,
  `comments` longtext COLLATE utf8mb4_unicode_ci DEFAULT NULL,
  `commit_date` date DEFAULT NULL,
  `scmid` varchar(255) COLLATE utf8mb4_unicode_ci DEFAULT NULL,
  `user_id` int(11) DEFAULT NULL
) ENGINE=InnoDB DEFAULT CHARSET=utf8mb4 COLLATE=utf8mb4_unicode_ci;

-- --------------------------------------------------------

--
-- Cấu trúc bảng cho bảng `changesets_issues`
--

CREATE TABLE `changesets_issues` (
  `changeset_id` int(11) NOT NULL,
  `issue_id` int(11) NOT NULL
) ENGINE=InnoDB DEFAULT CHARSET=utf8mb4 COLLATE=utf8mb4_unicode_ci;

-- --------------------------------------------------------

--
-- Cấu trúc bảng cho bảng `changeset_parents`
--

CREATE TABLE `changeset_parents` (
  `changeset_id` int(11) NOT NULL,
  `parent_id` int(11) NOT NULL
) ENGINE=InnoDB DEFAULT CHARSET=utf8mb4 COLLATE=utf8mb4_unicode_ci;

-- --------------------------------------------------------

--
-- Cấu trúc bảng cho bảng `comments`
--

CREATE TABLE `comments` (
  `id` int(11) NOT NULL,
  `commented_type` varchar(30) COLLATE utf8mb4_unicode_ci NOT NULL DEFAULT '',
  `commented_id` int(11) NOT NULL DEFAULT 0,
  `author_id` int(11) NOT NULL DEFAULT 0,
  `content` text COLLATE utf8mb4_unicode_ci DEFAULT NULL,
  `created_on` datetime NOT NULL,
  `updated_on` datetime NOT NULL
) ENGINE=InnoDB DEFAULT CHARSET=utf8mb4 COLLATE=utf8mb4_unicode_ci;

-- --------------------------------------------------------

--
-- Cấu trúc bảng cho bảng `custom_fields`
--

CREATE TABLE `custom_fields` (
  `id` int(11) NOT NULL,
  `type` varchar(30) COLLATE utf8mb4_unicode_ci NOT NULL DEFAULT '',
  `name` varchar(30) COLLATE utf8mb4_unicode_ci NOT NULL DEFAULT '',
  `field_format` varchar(30) COLLATE utf8mb4_unicode_ci NOT NULL DEFAULT '',
  `possible_values` text COLLATE utf8mb4_unicode_ci DEFAULT NULL,
  `regexp` varchar(255) COLLATE utf8mb4_unicode_ci DEFAULT '',
  `min_length` int(11) DEFAULT NULL,
  `max_length` int(11) DEFAULT NULL,
  `is_required` tinyint(1) NOT NULL DEFAULT 0,
  `is_for_all` tinyint(1) NOT NULL DEFAULT 0,
  `is_filter` tinyint(1) NOT NULL DEFAULT 0,
  `position` int(11) DEFAULT NULL,
  `searchable` tinyint(1) DEFAULT 0,
  `default_value` text COLLATE utf8mb4_unicode_ci DEFAULT NULL,
  `editable` tinyint(1) DEFAULT 1,
  `visible` tinyint(1) NOT NULL DEFAULT 1,
  `multiple` tinyint(1) DEFAULT 0,
  `format_store` text COLLATE utf8mb4_unicode_ci DEFAULT NULL,
  `description` text COLLATE utf8mb4_unicode_ci DEFAULT NULL
) ENGINE=InnoDB DEFAULT CHARSET=utf8mb4 COLLATE=utf8mb4_unicode_ci;

-- --------------------------------------------------------

--
-- Cấu trúc bảng cho bảng `custom_fields_projects`
--

CREATE TABLE `custom_fields_projects` (
  `custom_field_id` int(11) NOT NULL DEFAULT 0,
  `project_id` int(11) NOT NULL DEFAULT 0
) ENGINE=InnoDB DEFAULT CHARSET=utf8mb4 COLLATE=utf8mb4_unicode_ci;

-- --------------------------------------------------------

--
-- Cấu trúc bảng cho bảng `custom_fields_roles`
--

CREATE TABLE `custom_fields_roles` (
  `custom_field_id` int(11) NOT NULL,
  `role_id` int(11) NOT NULL
) ENGINE=InnoDB DEFAULT CHARSET=utf8mb4 COLLATE=utf8mb4_unicode_ci;

-- --------------------------------------------------------

--
-- Cấu trúc bảng cho bảng `custom_fields_trackers`
--

CREATE TABLE `custom_fields_trackers` (
  `custom_field_id` int(11) NOT NULL DEFAULT 0,
  `tracker_id` int(11) NOT NULL DEFAULT 0
) ENGINE=InnoDB DEFAULT CHARSET=utf8mb4 COLLATE=utf8mb4_unicode_ci;

-- --------------------------------------------------------

--
-- Cấu trúc bảng cho bảng `custom_field_enumerations`
--

CREATE TABLE `custom_field_enumerations` (
  `id` int(11) NOT NULL,
  `custom_field_id` int(11) NOT NULL,
  `name` varchar(255) COLLATE utf8mb4_unicode_ci NOT NULL,
  `active` tinyint(1) NOT NULL DEFAULT 1,
  `position` int(11) NOT NULL DEFAULT 1
) ENGINE=InnoDB DEFAULT CHARSET=utf8mb4 COLLATE=utf8mb4_unicode_ci;

-- --------------------------------------------------------

--
-- Cấu trúc bảng cho bảng `custom_values`
--

CREATE TABLE `custom_values` (
  `id` int(11) NOT NULL,
  `customized_type` varchar(30) COLLATE utf8mb4_unicode_ci NOT NULL DEFAULT '',
  `customized_id` int(11) NOT NULL DEFAULT 0,
  `custom_field_id` int(11) NOT NULL DEFAULT 0,
  `value` longtext COLLATE utf8mb4_unicode_ci DEFAULT NULL
) ENGINE=InnoDB DEFAULT CHARSET=utf8mb4 COLLATE=utf8mb4_unicode_ci;

-- --------------------------------------------------------

--
-- Cấu trúc bảng cho bảng `documents`
--

CREATE TABLE `documents` (
  `id` int(11) NOT NULL,
  `project_id` int(11) NOT NULL DEFAULT 0,
  `category_id` int(11) NOT NULL DEFAULT 0,
  `title` varchar(255) COLLATE utf8mb4_unicode_ci NOT NULL DEFAULT '',
  `description` text COLLATE utf8mb4_unicode_ci DEFAULT NULL,
  `created_on` timestamp NULL DEFAULT NULL
) ENGINE=InnoDB DEFAULT CHARSET=utf8mb4 COLLATE=utf8mb4_unicode_ci;

-- --------------------------------------------------------

--
-- Cấu trúc bảng cho bảng `email_addresses`
--

CREATE TABLE `email_addresses` (
  `id` int(11) NOT NULL,
  `user_id` int(11) NOT NULL,
  `address` varchar(255) COLLATE utf8mb4_unicode_ci NOT NULL,
  `is_default` tinyint(1) NOT NULL DEFAULT 0,
  `notify` tinyint(1) NOT NULL DEFAULT 1,
  `created_on` datetime NOT NULL,
  `updated_on` datetime NOT NULL
) ENGINE=InnoDB DEFAULT CHARSET=utf8mb4 COLLATE=utf8mb4_unicode_ci;

--
-- Đang đổ dữ liệu cho bảng `email_addresses`
--

INSERT INTO `email_addresses` (`id`, `user_id`, `address`, `is_default`, `notify`, `created_on`, `updated_on`) VALUES
(1, 1, 'weew3426@gmail.com', 1, 1, '2025-12-13 21:46:42', '2025-12-13 21:46:42'),
(2, 5, 'manh@gmail.com', 1, 1, '2025-12-14 12:56:54', '2025-12-14 12:56:54'),
(3, 6, 'thanhcong812004@gmail.com', 1, 1, '2025-12-14 20:29:17', '2025-12-14 20:29:17');

-- --------------------------------------------------------

--
-- Cấu trúc bảng cho bảng `enabled_modules`
--

CREATE TABLE `enabled_modules` (
  `id` int(11) NOT NULL,
  `project_id` int(11) DEFAULT NULL,
  `name` varchar(255) COLLATE utf8mb4_unicode_ci NOT NULL
) ENGINE=InnoDB DEFAULT CHARSET=utf8mb4 COLLATE=utf8mb4_unicode_ci;

--
-- Đang đổ dữ liệu cho bảng `enabled_modules`
--

INSERT INTO `enabled_modules` (`id`, `project_id`, `name`) VALUES
(11, 2, 'issue_tracking'),
(12, 2, 'time_tracking'),
(13, 2, 'news'),
(14, 2, 'documents'),
(15, 2, 'files'),
(16, 2, 'wiki'),
(17, 2, 'repository'),
(18, 2, 'boards'),
(19, 2, 'calendar'),
(20, 2, 'gantt');

-- --------------------------------------------------------

--
-- Cấu trúc bảng cho bảng `enumerations`
--

CREATE TABLE `enumerations` (
  `id` int(11) NOT NULL,
  `name` varchar(30) COLLATE utf8mb4_unicode_ci NOT NULL DEFAULT '',
  `position` int(11) DEFAULT NULL,
  `is_default` tinyint(1) NOT NULL DEFAULT 0,
  `type` varchar(255) COLLATE utf8mb4_unicode_ci DEFAULT NULL,
  `active` tinyint(1) NOT NULL DEFAULT 1,
  `project_id` int(11) DEFAULT NULL,
  `parent_id` int(11) DEFAULT NULL,
  `position_name` varchar(30) COLLATE utf8mb4_unicode_ci DEFAULT NULL
) ENGINE=InnoDB DEFAULT CHARSET=utf8mb4 COLLATE=utf8mb4_unicode_ci;

--
-- Đang đổ dữ liệu cho bảng `enumerations`
--

INSERT INTO `enumerations` (`id`, `name`, `position`, `is_default`, `type`, `active`, `project_id`, `parent_id`, `position_name`) VALUES
(1, 'Low', 1, 0, 'IssuePriority', 1, NULL, NULL, 'lowest'),
(2, 'Normal', 2, 1, 'IssuePriority', 1, NULL, NULL, 'default'),
(3, 'High', 3, 0, 'IssuePriority', 1, NULL, NULL, 'high3'),
(4, 'Urgent', 4, 0, 'IssuePriority', 1, NULL, NULL, 'high2'),
(5, 'Immediate', 5, 0, 'IssuePriority', 1, NULL, NULL, 'highest'),
(6, 'User documentation', 1, 0, 'DocumentCategory', 1, NULL, NULL, NULL),
(7, 'Technical documentation', 2, 0, 'DocumentCategory', 1, NULL, NULL, NULL),
(8, 'Design', 1, 0, 'TimeEntryActivity', 1, NULL, NULL, NULL),
(9, 'Development', 2, 0, 'TimeEntryActivity', 1, NULL, NULL, NULL);

-- --------------------------------------------------------

--
-- Cấu trúc bảng cho bảng `groups_users`
--

CREATE TABLE `groups_users` (
  `group_id` int(11) NOT NULL,
  `user_id` int(11) NOT NULL
) ENGINE=InnoDB DEFAULT CHARSET=utf8mb4 COLLATE=utf8mb4_unicode_ci;

-- --------------------------------------------------------

--
-- Cấu trúc bảng cho bảng `imports`
--

CREATE TABLE `imports` (
  `id` int(11) NOT NULL,
  `type` varchar(255) COLLATE utf8mb4_unicode_ci DEFAULT NULL,
  `user_id` int(11) NOT NULL,
  `filename` varchar(255) COLLATE utf8mb4_unicode_ci DEFAULT NULL,
  `settings` text COLLATE utf8mb4_unicode_ci DEFAULT NULL,
  `total_items` int(11) DEFAULT NULL,
  `finished` tinyint(1) NOT NULL DEFAULT 0,
  `created_at` datetime NOT NULL,
  `updated_at` datetime NOT NULL
) ENGINE=InnoDB DEFAULT CHARSET=utf8mb4 COLLATE=utf8mb4_unicode_ci;

-- --------------------------------------------------------

--
-- Cấu trúc bảng cho bảng `import_items`
--

CREATE TABLE `import_items` (
  `id` int(11) NOT NULL,
  `import_id` int(11) NOT NULL,
  `position` int(11) NOT NULL,
  `obj_id` int(11) DEFAULT NULL,
  `message` text COLLATE utf8mb4_unicode_ci DEFAULT NULL,
  `unique_id` varchar(255) COLLATE utf8mb4_unicode_ci DEFAULT NULL
) ENGINE=InnoDB DEFAULT CHARSET=utf8mb4 COLLATE=utf8mb4_unicode_ci;

-- --------------------------------------------------------

--
-- Cấu trúc bảng cho bảng `issues`
--

CREATE TABLE `issues` (
  `id` int(11) NOT NULL,
  `tracker_id` int(11) NOT NULL,
  `project_id` int(11) NOT NULL,
  `subject` varchar(255) COLLATE utf8mb4_unicode_ci NOT NULL DEFAULT '',
  `description` longtext COLLATE utf8mb4_unicode_ci DEFAULT NULL,
  `due_date` date DEFAULT NULL,
  `category_id` int(11) DEFAULT NULL,
  `status_id` int(11) NOT NULL,
  `assigned_to_id` int(11) DEFAULT NULL,
  `priority_id` int(11) NOT NULL,
  `fixed_version_id` int(11) DEFAULT NULL,
  `author_id` int(11) NOT NULL,
  `lock_version` int(11) NOT NULL DEFAULT 0,
  `created_on` timestamp NULL DEFAULT NULL,
  `updated_on` timestamp NULL DEFAULT NULL,
  `start_date` date DEFAULT NULL,
  `done_ratio` int(11) NOT NULL DEFAULT 0,
  `estimated_hours` float DEFAULT NULL,
  `parent_id` int(11) DEFAULT NULL,
  `root_id` int(11) DEFAULT NULL,
  `lft` int(11) DEFAULT NULL,
  `rgt` int(11) DEFAULT NULL,
  `is_private` tinyint(1) NOT NULL DEFAULT 0,
  `closed_on` datetime DEFAULT NULL
) ENGINE=InnoDB DEFAULT CHARSET=utf8mb4 COLLATE=utf8mb4_unicode_ci;

--
-- Đang đổ dữ liệu cho bảng `issues`
--

INSERT INTO `issues` (`id`, `tracker_id`, `project_id`, `subject`, `description`, `due_date`, `category_id`, `status_id`, `assigned_to_id`, `priority_id`, `fixed_version_id`, `author_id`, `lock_version`, `created_on`, `updated_on`, `start_date`, `done_ratio`, `estimated_hours`, `parent_id`, `root_id`, `lft`, `rgt`, `is_private`, `closed_on`) VALUES
(2, 2, 2, 'Giao diện trang bán hàng ', '', '2025-12-14', NULL, 5, 1, 2, NULL, 1, 4, '2025-12-14 06:15:11', '2025-12-14 15:37:00', '2025-12-14', 100, NULL, NULL, 2, 1, 2, 0, '2025-12-14 22:37:00'),
(3, 2, 2, 'Tạo giao diện trang admin', '', NULL, NULL, 5, NULL, 2, NULL, 1, 8, '2025-12-14 06:16:03', '2025-12-14 08:30:56', '2025-12-14', 100, NULL, NULL, 3, 1, 2, 0, '2025-12-14 15:30:56'),
(4, 2, 2, 'Tạo giao diện trang login', '', NULL, NULL, 5, NULL, 2, NULL, 1, 5, '2025-12-14 06:16:17', '2025-12-14 07:18:20', '2025-12-14', 100, NULL, NULL, 4, 1, 2, 0, '2025-12-14 14:18:20'),
(5, 2, 2, 'Tạo file database', '', NULL, NULL, 5, NULL, 2, NULL, 1, 2, '2025-12-14 06:17:15', '2025-12-14 07:21:16', '2025-12-14', 0, NULL, NULL, 5, 1, 2, 0, '2025-12-14 14:21:16'),
(6, 2, 2, 'Tạo giao diện cho các trang danh mục ', '', NULL, NULL, 5, NULL, 2, NULL, 1, 9, '2025-12-14 06:19:00', '2025-12-14 07:43:41', '2025-12-14', 100, NULL, NULL, 6, 1, 2, 0, '2025-12-14 14:43:41'),
(7, 2, 2, 'Tạo giao diện trang giỏ hàng', '', NULL, NULL, 5, NULL, 2, NULL, 1, 8, '2025-12-14 06:19:29', '2025-12-14 08:06:54', '2025-12-14', 100, NULL, NULL, 7, 1, 2, 0, '2025-12-14 15:06:54'),
(8, 2, 2, 'Xử lý thêm sửa xoá sản phẩm', '', NULL, NULL, 5, NULL, 2, NULL, 1, 5, '2025-12-14 06:20:43', '2025-12-14 13:59:55', '2025-12-14', 100, NULL, NULL, 8, 1, 2, 0, '2025-12-14 20:59:55'),
(9, 2, 2, 'xử lý đăng nhập ', '', NULL, NULL, 5, NULL, 2, NULL, 1, 9, '2025-12-14 06:20:54', '2025-12-14 08:00:57', '2025-12-14', 100, NULL, NULL, 9, 1, 2, 0, '2025-12-14 15:00:57'),
(10, 2, 2, 'xử lý đơn hàng', '', NULL, NULL, 5, NULL, 2, NULL, 1, 4, '2025-12-14 06:21:28', '2025-12-14 14:22:46', '2025-12-14', 100, NULL, NULL, 10, 1, 2, 0, '2025-12-14 21:22:46'),
(11, 2, 2, 'xử lý giỏ hàng và thanh toán', '', NULL, NULL, 5, NULL, 2, NULL, 1, 10, '2025-12-14 06:21:48', '2025-12-14 14:19:36', '2025-12-14', 100, NULL, NULL, 11, 1, 2, 0, '2025-12-14 21:19:36'),
(13, 2, 2, 'Thêm trang hiện các sản phẩm đang sale', '', NULL, NULL, 5, NULL, 2, NULL, 1, 5, '2025-12-14 12:31:44', '2025-12-14 14:24:07', '2025-12-14', 100, NULL, NULL, 13, 1, 2, 0, '2025-12-14 21:24:07'),
(14, 2, 2, 'Phát triển trang tìm kiếm sản phẩm ', '', NULL, NULL, 5, NULL, 2, NULL, 1, 4, '2025-12-14 14:40:46', '2025-12-14 15:36:09', '2025-12-14', 100, NULL, NULL, 14, 1, 2, 0, '2025-12-14 22:36:09');

-- --------------------------------------------------------

--
-- Cấu trúc bảng cho bảng `issue_categories`
--

CREATE TABLE `issue_categories` (
  `id` int(11) NOT NULL,
  `project_id` int(11) NOT NULL DEFAULT 0,
  `name` varchar(60) COLLATE utf8mb4_unicode_ci NOT NULL DEFAULT '',
  `assigned_to_id` int(11) DEFAULT NULL
) ENGINE=InnoDB DEFAULT CHARSET=utf8mb4 COLLATE=utf8mb4_unicode_ci;

-- --------------------------------------------------------

--
-- Cấu trúc bảng cho bảng `issue_relations`
--

CREATE TABLE `issue_relations` (
  `id` int(11) NOT NULL,
  `issue_from_id` int(11) NOT NULL,
  `issue_to_id` int(11) NOT NULL,
  `relation_type` varchar(255) COLLATE utf8mb4_unicode_ci NOT NULL DEFAULT '',
  `delay` int(11) DEFAULT NULL
) ENGINE=InnoDB DEFAULT CHARSET=utf8mb4 COLLATE=utf8mb4_unicode_ci;

-- --------------------------------------------------------

--
-- Cấu trúc bảng cho bảng `issue_statuses`
--

CREATE TABLE `issue_statuses` (
  `id` int(11) NOT NULL,
  `name` varchar(30) COLLATE utf8mb4_unicode_ci NOT NULL DEFAULT '',
  `is_closed` tinyint(1) NOT NULL DEFAULT 0,
  `position` int(11) DEFAULT NULL,
  `default_done_ratio` int(11) DEFAULT NULL
) ENGINE=InnoDB DEFAULT CHARSET=utf8mb4 COLLATE=utf8mb4_unicode_ci;

--
-- Đang đổ dữ liệu cho bảng `issue_statuses`
--

INSERT INTO `issue_statuses` (`id`, `name`, `is_closed`, `position`, `default_done_ratio`) VALUES
(1, 'New', 0, 1, NULL),
(2, 'In Progress', 0, 2, NULL),
(3, 'Resolved', 0, 3, NULL),
(4, 'Feedback', 0, 4, NULL),
(5, 'Closed', 1, 5, NULL),
(6, 'Rejected', 1, 6, NULL);

-- --------------------------------------------------------

--
-- Cấu trúc bảng cho bảng `journals`
--

CREATE TABLE `journals` (
  `id` int(11) NOT NULL,
  `journalized_id` int(11) NOT NULL DEFAULT 0,
  `journalized_type` varchar(30) COLLATE utf8mb4_unicode_ci NOT NULL DEFAULT '',
  `user_id` int(11) NOT NULL DEFAULT 0,
  `notes` longtext COLLATE utf8mb4_unicode_ci DEFAULT NULL,
  `created_on` datetime NOT NULL,
  `private_notes` tinyint(1) NOT NULL DEFAULT 0
) ENGINE=InnoDB DEFAULT CHARSET=utf8mb4 COLLATE=utf8mb4_unicode_ci;

--
-- Đang đổ dữ liệu cho bảng `journals`
--

INSERT INTO `journals` (`id`, `journalized_id`, `journalized_type`, `user_id`, `notes`, `created_on`, `private_notes`) VALUES
(5, 9, 'Issue', 1, '', '2025-12-14 13:21:03', 0),
(8, 2, 'Issue', 1, 'Đã hoàn thành giao diện trang bán hàng và trang để xem chi tiết sản phẩm ', '2025-12-14 14:14:33', 0),
(9, 4, 'Issue', 5, '', '2025-12-14 14:16:27', 0),
(10, 4, 'Issue', 5, '', '2025-12-14 14:16:56', 0),
(11, 4, 'Issue', 1, 'Hoàn thành tốt không lỗi ', '2025-12-14 14:17:35', 0),
(12, 4, 'Issue', 1, '', '2025-12-14 14:18:20', 0),
(13, 2, 'Issue', 5, 'Giao diện dễ nhìn ,tốt,phù hợp với người dùng dễ sử dụng . Không lỗi', '2025-12-14 14:18:27', 0),
(14, 5, 'Issue', 1, '', '2025-12-14 14:21:16', 0),
(15, 6, 'Issue', 1, '', '2025-12-14 14:25:35', 0),
(16, 6, 'Issue', 1, 'Đã hoàn thành các trang danh mục', '2025-12-14 14:34:51', 0),
(17, 6, 'Issue', 5, 'Các chức năng lọc sản phẩm(giá,mã sản phẩm) chưa hoạt động', '2025-12-14 14:36:57', 0),
(18, 6, 'Issue', 5, '', '2025-12-14 14:37:58', 0),
(19, 6, 'Issue', 1, '', '2025-12-14 14:39:26', 0),
(20, 6, 'Issue', 1, 'Đã sửa tính năng lọc ', '2025-12-14 14:41:10', 0),
(21, 6, 'Issue', 5, 'chức năng lọc hoạt động tốt', '2025-12-14 14:42:57', 0),
(22, 6, 'Issue', 1, '', '2025-12-14 14:43:41', 0),
(23, 9, 'Issue', 5, '', '2025-12-14 14:46:57', 0),
(24, 7, 'Issue', 1, '', '2025-12-14 14:47:18', 0),
(25, 7, 'Issue', 1, 'Đã hoàn thiện trang giỏ hàng', '2025-12-14 14:51:17', 0),
(26, 9, 'Issue', 5, '', '2025-12-14 14:54:38', 0),
(27, 7, 'Issue', 1, '', '2025-12-14 14:54:45', 0),
(28, 9, 'Issue', 5, '', '2025-12-14 14:55:31', 0),
(29, 9, 'Issue', 1, 'Có thể đăng ký đi không nhập tên và email ( chưa ràng buộc )', '2025-12-14 14:56:22', 0),
(30, 9, 'Issue', 5, 'đã sửa xong phần ràng buộc', '2025-12-14 15:00:06', 0),
(31, 9, 'Issue', 1, 'Ok đã hoàn thiện', '2025-12-14 15:00:34', 0),
(32, 9, 'Issue', 1, '', '2025-12-14 15:00:57', 0),
(33, 7, 'Issue', 5, 'không thêm sản phẩm vào giỏ hàng được\r\n1. Khi ấn vào trang chi tiết sản phẩm và khi ấn thêm vào giỏ hàng thì không hoạt động bị lỗi!', '2025-12-14 15:02:58', 0),
(34, 7, 'Issue', 1, 'Đã sửa lỗi tính năng thêm vào giỏ hàng', '2025-12-14 15:05:48', 0),
(35, 7, 'Issue', 5, 'đã test chức năng và thêm được sản phẩm vào giỏ hàng.', '2025-12-14 15:06:34', 0),
(36, 7, 'Issue', 1, '', '2025-12-14 15:06:54', 0),
(37, 3, 'Issue', 5, '', '2025-12-14 15:12:22', 0),
(38, 3, 'Issue', 5, '', '2025-12-14 15:23:45', 0),
(39, 3, 'Issue', 5, '', '2025-12-14 15:24:39', 0),
(40, 3, 'Issue', 1, 'Trang quản lý sản phẩm không lấy được sản phẩm từ csdl', '2025-12-14 15:25:45', 0),
(41, 3, 'Issue', 5, 'Đã hoàn thành trang admin lấy được tất cả sản phẩm từ CSDL', '2025-12-14 15:29:12', 0),
(42, 3, 'Issue', 1, 'Ok đã hoàn thành ', '2025-12-14 15:30:45', 0),
(43, 3, 'Issue', 1, '', '2025-12-14 15:30:56', 0),
(44, 13, 'Issue', 1, '', '2025-12-14 19:37:52', 0),
(45, 13, 'Issue', 1, 'Đã hoang thành trang sale, đang đợi test', '2025-12-14 19:45:57', 0),
(46, 8, 'Issue', 6, '', '2025-12-14 20:37:58', 0),
(47, 8, 'Issue', 6, 'đã hoàn thành ', '2025-12-14 20:59:09', 0),
(48, 8, 'Issue', 1, 'Hoàn thành tốt ', '2025-12-14 20:59:35', 0),
(49, 8, 'Issue', 1, '', '2025-12-14 20:59:55', 0),
(50, 11, 'Issue', 6, '', '2025-12-14 21:00:37', 0),
(51, 11, 'Issue', 6, 'đã hoàn thành chức năng thanh toán', '2025-12-14 21:04:39', 0),
(52, 11, 'Issue', 1, 'Không nhận tên của tài khoản mua hàng ', '2025-12-14 21:07:26', 0),
(53, 11, 'Issue', 6, 'đang sửa lỗi', '2025-12-14 21:08:33', 0),
(54, 11, 'Issue', 6, 'đã sửa xong ', '2025-12-14 21:10:18', 0),
(55, 11, 'Issue', 1, 'Chưa cập nhập được đơn hàng khi thanh toán', '2025-12-14 21:12:34', 0),
(56, 11, 'Issue', 6, 'đang fix lỗi ', '2025-12-14 21:13:07', 0),
(57, 11, 'Issue', 6, 'đã sửa xong thanh toán đơn hàng và thêm đơn hàng vào admin', '2025-12-14 21:19:15', 0),
(58, 11, 'Issue', 1, 'Đã hoàn thành ', '2025-12-14 21:19:36', 0),
(59, 10, 'Issue', 6, '', '2025-12-14 21:20:39', 0),
(60, 10, 'Issue', 6, 'đã hoàn thành tính năng xử lý đơn hàng', '2025-12-14 21:22:02', 0),
(61, 10, 'Issue', 1, 'Đã hoàn thành ', '2025-12-14 21:22:46', 0),
(62, 13, 'Issue', 6, 'đã hoàn thành', '2025-12-14 21:23:25', 0),
(63, 13, 'Issue', 6, '', '2025-12-14 21:24:07', 0),
(64, 14, 'Issue', 1, '', '2025-12-14 21:46:16', 0),
(65, 14, 'Issue', 1, '', '2025-12-14 21:46:27', 0),
(66, 14, 'Issue', 5, 'Đã hoàn thiện ', '2025-12-14 22:36:09', 0),
(67, 2, 'Issue', 5, 'Giao diện đã hoàn thành xong các yêu cầu', '2025-12-14 22:37:00', 0);

-- --------------------------------------------------------

--
-- Cấu trúc bảng cho bảng `journal_details`
--

CREATE TABLE `journal_details` (
  `id` int(11) NOT NULL,
  `journal_id` int(11) NOT NULL DEFAULT 0,
  `property` varchar(30) COLLATE utf8mb4_unicode_ci NOT NULL DEFAULT '',
  `prop_key` varchar(30) COLLATE utf8mb4_unicode_ci NOT NULL DEFAULT '',
  `old_value` longtext COLLATE utf8mb4_unicode_ci DEFAULT NULL,
  `value` longtext COLLATE utf8mb4_unicode_ci DEFAULT NULL
) ENGINE=InnoDB DEFAULT CHARSET=utf8mb4 COLLATE=utf8mb4_unicode_ci;

--
-- Đang đổ dữ liệu cho bảng `journal_details`
--

INSERT INTO `journal_details` (`id`, `journal_id`, `property`, `prop_key`, `old_value`, `value`) VALUES
(4, 5, 'attr', 'tracker_id', '1', '2'),
(7, 8, 'attr', 'status_id', '1', '3'),
(8, 8, 'attr', 'assigned_to_id', NULL, '1'),
(9, 8, 'attr', 'done_ratio', '0', '100'),
(10, 9, 'attr', 'status_id', '1', '3'),
(11, 10, 'attr', 'done_ratio', '0', '100'),
(12, 11, 'attr', 'status_id', '3', '4'),
(13, 12, 'attr', 'status_id', '4', '5'),
(14, 13, 'attr', 'due_date', NULL, '2025-12-14'),
(15, 13, 'attr', 'status_id', '3', '4'),
(16, 14, 'attr', 'status_id', '1', '5'),
(17, 15, 'attr', 'status_id', '1', '2'),
(18, 16, 'attr', 'status_id', '2', '3'),
(19, 16, 'attr', 'done_ratio', '0', '100'),
(20, 17, 'attr', 'status_id', '3', '4'),
(21, 17, 'attr', 'done_ratio', '100', '80'),
(22, 18, 'attr', 'tracker_id', '2', '1'),
(23, 19, 'attr', 'status_id', '4', '2'),
(24, 20, 'attr', 'status_id', '2', '3'),
(25, 20, 'attr', 'done_ratio', '80', '100'),
(26, 21, 'attr', 'tracker_id', '1', '2'),
(27, 21, 'attr', 'status_id', '3', '4'),
(28, 22, 'attr', 'status_id', '4', '5'),
(29, 23, 'attr', 'status_id', '1', '2'),
(30, 24, 'attr', 'status_id', '1', '2'),
(31, 25, 'attr', 'done_ratio', '0', '100'),
(32, 26, 'attr', 'status_id', '2', '3'),
(33, 27, 'attr', 'status_id', '2', '3'),
(34, 28, 'attr', 'done_ratio', '0', '70'),
(35, 29, 'attr', 'status_id', '3', '4'),
(36, 30, 'attr', 'status_id', '4', '3'),
(37, 30, 'attr', 'done_ratio', '70', '100'),
(38, 31, 'attr', 'status_id', '3', '4'),
(39, 32, 'attr', 'status_id', '4', '5'),
(40, 33, 'attr', 'status_id', '3', '4'),
(41, 34, 'attr', 'status_id', '4', '3'),
(42, 35, 'attr', 'status_id', '3', '4'),
(43, 36, 'attr', 'status_id', '4', '5'),
(44, 37, 'attr', 'status_id', '1', '2'),
(45, 38, 'attr', 'status_id', '2', '3'),
(46, 39, 'attr', 'done_ratio', '0', '100'),
(47, 40, 'attr', 'status_id', '3', '4'),
(48, 41, 'attr', 'status_id', '4', '3'),
(49, 42, 'attr', 'status_id', '3', '4'),
(50, 43, 'attr', 'status_id', '4', '5'),
(51, 44, 'attr', 'status_id', '1', '2'),
(52, 45, 'attr', 'status_id', '2', '3'),
(53, 45, 'attr', 'done_ratio', '0', '100'),
(54, 46, 'attr', 'status_id', '1', '2'),
(55, 47, 'attr', 'status_id', '2', '3'),
(56, 47, 'attr', 'done_ratio', '0', '100'),
(57, 48, 'attr', 'status_id', '3', '4'),
(58, 49, 'attr', 'status_id', '4', '5'),
(59, 50, 'attr', 'status_id', '1', '2'),
(60, 51, 'attr', 'status_id', '2', '3'),
(61, 51, 'attr', 'done_ratio', '0', '100'),
(62, 52, 'attachment', '2', NULL, 'loi.png'),
(63, 52, 'attr', 'status_id', '3', '4'),
(64, 53, 'attr', 'status_id', '4', '2'),
(65, 53, 'attr', 'done_ratio', '100', '80'),
(66, 54, 'attr', 'status_id', '2', '3'),
(67, 54, 'attr', 'done_ratio', '80', '100'),
(68, 55, 'attr', 'status_id', '3', '4'),
(69, 56, 'attr', 'status_id', '4', '2'),
(70, 56, 'attr', 'done_ratio', '100', '90'),
(71, 57, 'attr', 'status_id', '2', '3'),
(72, 57, 'attr', 'done_ratio', '90', '100'),
(73, 58, 'attr', 'status_id', '3', '5'),
(74, 59, 'attr', 'status_id', '1', '2'),
(75, 60, 'attr', 'status_id', '2', '3'),
(76, 60, 'attr', 'done_ratio', '0', '100'),
(77, 61, 'attr', 'status_id', '3', '5'),
(78, 62, 'attr', 'status_id', '3', '4'),
(79, 63, 'attr', 'status_id', '4', '5'),
(80, 64, 'attr', 'status_id', '1', '2'),
(81, 65, 'attr', 'status_id', '2', '3'),
(82, 65, 'attr', 'done_ratio', '0', '100'),
(83, 66, 'attr', 'status_id', '3', '5'),
(84, 67, 'attr', 'status_id', '4', '5');

-- --------------------------------------------------------

--
-- Cấu trúc bảng cho bảng `members`
--

CREATE TABLE `members` (
  `id` int(11) NOT NULL,
  `user_id` int(11) NOT NULL DEFAULT 0,
  `project_id` int(11) NOT NULL DEFAULT 0,
  `created_on` timestamp NULL DEFAULT NULL,
  `mail_notification` tinyint(1) NOT NULL DEFAULT 0
) ENGINE=InnoDB DEFAULT CHARSET=utf8mb4 COLLATE=utf8mb4_unicode_ci;

--
-- Đang đổ dữ liệu cho bảng `members`
--

INSERT INTO `members` (`id`, `user_id`, `project_id`, `created_on`, `mail_notification`) VALUES
(1, 1, 2, '2025-12-14 13:36:41', 0),
(2, 6, 2, '2025-12-14 13:36:41', 0),
(3, 5, 2, '2025-12-14 13:36:41', 0);

-- --------------------------------------------------------

--
-- Cấu trúc bảng cho bảng `member_roles`
--

CREATE TABLE `member_roles` (
  `id` int(11) NOT NULL,
  `member_id` int(11) NOT NULL,
  `role_id` int(11) NOT NULL,
  `inherited_from` int(11) DEFAULT NULL
) ENGINE=InnoDB DEFAULT CHARSET=utf8mb4 COLLATE=utf8mb4_unicode_ci;

--
-- Đang đổ dữ liệu cho bảng `member_roles`
--

INSERT INTO `member_roles` (`id`, `member_id`, `role_id`, `inherited_from`) VALUES
(1, 1, 3, NULL),
(2, 1, 4, NULL),
(3, 1, 5, NULL),
(4, 2, 3, NULL),
(5, 2, 4, NULL),
(6, 2, 5, NULL),
(7, 3, 3, NULL),
(8, 3, 4, NULL),
(9, 3, 5, NULL);

-- --------------------------------------------------------

--
-- Cấu trúc bảng cho bảng `messages`
--

CREATE TABLE `messages` (
  `id` int(11) NOT NULL,
  `board_id` int(11) NOT NULL,
  `parent_id` int(11) DEFAULT NULL,
  `subject` varchar(255) COLLATE utf8mb4_unicode_ci NOT NULL DEFAULT '',
  `content` text COLLATE utf8mb4_unicode_ci DEFAULT NULL,
  `author_id` int(11) DEFAULT NULL,
  `replies_count` int(11) NOT NULL DEFAULT 0,
  `last_reply_id` int(11) DEFAULT NULL,
  `created_on` datetime NOT NULL,
  `updated_on` datetime NOT NULL,
  `locked` tinyint(1) DEFAULT 0,
  `sticky` int(11) DEFAULT 0
) ENGINE=InnoDB DEFAULT CHARSET=utf8mb4 COLLATE=utf8mb4_unicode_ci;

-- --------------------------------------------------------

--
-- Cấu trúc bảng cho bảng `news`
--

CREATE TABLE `news` (
  `id` int(11) NOT NULL,
  `project_id` int(11) DEFAULT NULL,
  `title` varchar(60) COLLATE utf8mb4_unicode_ci NOT NULL DEFAULT '',
  `summary` varchar(255) COLLATE utf8mb4_unicode_ci DEFAULT '',
  `description` text COLLATE utf8mb4_unicode_ci DEFAULT NULL,
  `author_id` int(11) NOT NULL DEFAULT 0,
  `created_on` timestamp NULL DEFAULT NULL,
  `comments_count` int(11) NOT NULL DEFAULT 0
) ENGINE=InnoDB DEFAULT CHARSET=utf8mb4 COLLATE=utf8mb4_unicode_ci;

-- --------------------------------------------------------

--
-- Cấu trúc bảng cho bảng `projects`
--

CREATE TABLE `projects` (
  `id` int(11) NOT NULL,
  `name` varchar(255) COLLATE utf8mb4_unicode_ci NOT NULL DEFAULT '',
  `description` text COLLATE utf8mb4_unicode_ci DEFAULT NULL,
  `homepage` varchar(255) COLLATE utf8mb4_unicode_ci DEFAULT '',
  `is_public` tinyint(1) NOT NULL DEFAULT 1,
  `parent_id` int(11) DEFAULT NULL,
  `created_on` timestamp NULL DEFAULT NULL,
  `updated_on` timestamp NULL DEFAULT NULL,
  `identifier` varchar(255) COLLATE utf8mb4_unicode_ci DEFAULT NULL,
  `status` int(11) NOT NULL DEFAULT 1,
  `lft` int(11) DEFAULT NULL,
  `rgt` int(11) DEFAULT NULL,
  `inherit_members` tinyint(1) NOT NULL DEFAULT 0,
  `default_version_id` int(11) DEFAULT NULL,
  `default_assigned_to_id` int(11) DEFAULT NULL,
  `default_issue_query_id` int(11) DEFAULT NULL
) ENGINE=InnoDB DEFAULT CHARSET=utf8mb4 COLLATE=utf8mb4_unicode_ci;

--
-- Đang đổ dữ liệu cho bảng `projects`
--

INSERT INTO `projects` (`id`, `name`, `description`, `homepage`, `is_public`, `parent_id`, `created_on`, `updated_on`, `identifier`, `status`, `lft`, `rgt`, `inherit_members`, `default_version_id`, `default_assigned_to_id`, `default_issue_query_id`) VALUES
(2, 'opensoure', '', '', 1, NULL, '2025-12-14 06:11:24', '2025-12-14 06:11:24', 'opensoure', 1, 1, 2, 0, NULL, NULL, NULL);

-- --------------------------------------------------------

--
-- Cấu trúc bảng cho bảng `projects_trackers`
--

CREATE TABLE `projects_trackers` (
  `project_id` int(11) NOT NULL DEFAULT 0,
  `tracker_id` int(11) NOT NULL DEFAULT 0
) ENGINE=InnoDB DEFAULT CHARSET=utf8mb4 COLLATE=utf8mb4_unicode_ci;

--
-- Đang đổ dữ liệu cho bảng `projects_trackers`
--

INSERT INTO `projects_trackers` (`project_id`, `tracker_id`) VALUES
(2, 1),
(2, 2),
(2, 3);

-- --------------------------------------------------------

--
-- Cấu trúc bảng cho bảng `queries`
--

CREATE TABLE `queries` (
  `id` int(11) NOT NULL,
  `project_id` int(11) DEFAULT NULL,
  `name` varchar(255) COLLATE utf8mb4_unicode_ci NOT NULL DEFAULT '',
  `filters` text COLLATE utf8mb4_unicode_ci DEFAULT NULL,
  `user_id` int(11) NOT NULL DEFAULT 0,
  `column_names` text COLLATE utf8mb4_unicode_ci DEFAULT NULL,
  `sort_criteria` text COLLATE utf8mb4_unicode_ci DEFAULT NULL,
  `group_by` varchar(255) COLLATE utf8mb4_unicode_ci DEFAULT NULL,
  `type` varchar(255) COLLATE utf8mb4_unicode_ci DEFAULT NULL,
  `visibility` int(11) DEFAULT 0,
  `options` text COLLATE utf8mb4_unicode_ci DEFAULT NULL
) ENGINE=InnoDB DEFAULT CHARSET=utf8mb4 COLLATE=utf8mb4_unicode_ci;

--
-- Đang đổ dữ liệu cho bảng `queries`
--

INSERT INTO `queries` (`id`, `project_id`, `name`, `filters`, `user_id`, `column_names`, `sort_criteria`, `group_by`, `type`, `visibility`, `options`) VALUES
(1, NULL, 'Issues assigned to me', '---\nstatus_id:\n  :operator: o\n  :values:\n  - \'\'\nassigned_to_id:\n  :operator: \"=\"\n  :values:\n  - me\nproject.status:\n  :operator: \"=\"\n  :values:\n  - \'1\'\n', 0, NULL, '---\n- - priority\n  - desc\n- - updated_on\n  - desc\n', NULL, 'IssueQuery', 2, NULL),
(2, NULL, 'Reported issues', '---\nstatus_id:\n  :operator: o\n  :values:\n  - \'\'\nauthor_id:\n  :operator: \"=\"\n  :values:\n  - me\nproject.status:\n  :operator: \"=\"\n  :values:\n  - \'1\'\n', 0, NULL, '---\n- - updated_on\n  - desc\n', NULL, 'IssueQuery', 2, NULL),
(3, NULL, 'Updated issues', '---\nstatus_id:\n  :operator: o\n  :values:\n  - \'\'\nupdated_by:\n  :operator: \"=\"\n  :values:\n  - me\nproject.status:\n  :operator: \"=\"\n  :values:\n  - \'1\'\n', 0, NULL, '---\n- - updated_on\n  - desc\n', NULL, 'IssueQuery', 2, NULL),
(4, NULL, 'Watched issues', '---\nstatus_id:\n  :operator: o\n  :values:\n  - \'\'\nwatcher_id:\n  :operator: \"=\"\n  :values:\n  - me\nproject.status:\n  :operator: \"=\"\n  :values:\n  - \'1\'\n', 0, NULL, '---\n- - updated_on\n  - desc\n', NULL, 'IssueQuery', 2, NULL),
(5, NULL, 'My projects', '---\nstatus:\n  :operator: \"=\"\n  :values:\n  - \'1\'\nid:\n  :operator: \"=\"\n  :values:\n  - mine\n', 0, NULL, NULL, NULL, 'ProjectQuery', 2, NULL),
(6, NULL, 'My bookmarks', '---\nstatus:\n  :operator: \"=\"\n  :values:\n  - \'1\'\nid:\n  :operator: \"=\"\n  :values:\n  - bookmarks\n', 0, NULL, NULL, NULL, 'ProjectQuery', 2, NULL),
(7, NULL, 'Spent time', '---\nspent_on:\n  :operator: \"*\"\n  :values:\n  - \'\'\nuser_id:\n  :operator: \"=\"\n  :values:\n  - me\n', 0, NULL, '---\n- - spent_on\n  - desc\n', NULL, 'TimeEntryQuery', 2, '---\n:totalable_names:\n- :hours\n');

-- --------------------------------------------------------

--
-- Cấu trúc bảng cho bảng `queries_roles`
--

CREATE TABLE `queries_roles` (
  `query_id` int(11) NOT NULL,
  `role_id` int(11) NOT NULL
) ENGINE=InnoDB DEFAULT CHARSET=utf8mb4 COLLATE=utf8mb4_unicode_ci;

-- --------------------------------------------------------

--
-- Cấu trúc bảng cho bảng `repositories`
--

CREATE TABLE `repositories` (
  `id` int(11) NOT NULL,
  `project_id` int(11) NOT NULL DEFAULT 0,
  `url` varchar(255) COLLATE utf8mb4_unicode_ci NOT NULL DEFAULT '',
  `login` varchar(60) COLLATE utf8mb4_unicode_ci DEFAULT '',
  `password` varchar(255) COLLATE utf8mb4_unicode_ci DEFAULT '',
  `root_url` varchar(255) COLLATE utf8mb4_unicode_ci DEFAULT '',
  `type` varchar(255) COLLATE utf8mb4_unicode_ci DEFAULT NULL,
  `path_encoding` varchar(64) COLLATE utf8mb4_unicode_ci DEFAULT NULL,
  `log_encoding` varchar(64) COLLATE utf8mb4_unicode_ci DEFAULT NULL,
  `extra_info` longtext COLLATE utf8mb4_unicode_ci DEFAULT NULL,
  `identifier` varchar(255) COLLATE utf8mb4_unicode_ci DEFAULT NULL,
  `is_default` tinyint(1) DEFAULT 0,
  `created_on` timestamp NULL DEFAULT NULL
) ENGINE=InnoDB DEFAULT CHARSET=utf8mb4 COLLATE=utf8mb4_unicode_ci;

-- --------------------------------------------------------

--
-- Cấu trúc bảng cho bảng `roles`
--

CREATE TABLE `roles` (
  `id` int(11) NOT NULL,
  `name` varchar(255) COLLATE utf8mb4_unicode_ci NOT NULL DEFAULT '',
  `position` int(11) DEFAULT NULL,
  `assignable` tinyint(1) DEFAULT 1,
  `builtin` int(11) NOT NULL DEFAULT 0,
  `permissions` text COLLATE utf8mb4_unicode_ci DEFAULT NULL,
  `issues_visibility` varchar(30) COLLATE utf8mb4_unicode_ci NOT NULL DEFAULT 'default',
  `users_visibility` varchar(30) COLLATE utf8mb4_unicode_ci NOT NULL DEFAULT 'all',
  `time_entries_visibility` varchar(30) COLLATE utf8mb4_unicode_ci NOT NULL DEFAULT 'all',
  `all_roles_managed` tinyint(1) NOT NULL DEFAULT 1,
  `settings` text COLLATE utf8mb4_unicode_ci DEFAULT NULL
) ENGINE=InnoDB DEFAULT CHARSET=utf8mb4 COLLATE=utf8mb4_unicode_ci;

--
-- Đang đổ dữ liệu cho bảng `roles`
--

INSERT INTO `roles` (`id`, `name`, `position`, `assignable`, `builtin`, `permissions`, `issues_visibility`, `users_visibility`, `time_entries_visibility`, `all_roles_managed`, `settings`) VALUES
(1, 'Non member', 0, 1, 1, '---\n- :view_issues\n- :add_issues\n- :add_issue_notes\n- :save_queries\n- :view_gantt\n- :view_calendar\n- :view_time_entries\n- :view_news\n- :comment_news\n- :view_documents\n- :view_wiki_pages\n- :view_wiki_edits\n- :view_messages\n- :add_messages\n- :view_files\n- :browse_repository\n- :view_changesets\n', 'default', 'all', 'all', 1, NULL),
(2, 'Anonymous', 0, 1, 2, '---\n- :view_issues\n- :view_gantt\n- :view_calendar\n- :view_time_entries\n- :view_news\n- :view_documents\n- :view_wiki_pages\n- :view_wiki_edits\n- :view_messages\n- :view_files\n- :browse_repository\n- :view_changesets\n', 'default', 'all', 'all', 1, NULL),
(3, 'Manager', 1, 1, 0, '---\n- :add_project\n- :edit_project\n- :close_project\n- :delete_project\n- :select_project_modules\n- :manage_members\n- :manage_versions\n- :add_subprojects\n- :manage_public_queries\n- :save_queries\n- :view_issues\n- :add_issues\n- :edit_issues\n- :edit_own_issues\n- :copy_issues\n- :manage_issue_relations\n- :manage_subtasks\n- :set_issues_private\n- :set_own_issues_private\n- :add_issue_notes\n- :edit_issue_notes\n- :edit_own_issue_notes\n- :view_private_notes\n- :set_notes_private\n- :delete_issues\n- :mention_users\n- :view_issue_watchers\n- :add_issue_watchers\n- :delete_issue_watchers\n- :import_issues\n- :manage_categories\n- :view_time_entries\n- :log_time\n- :edit_time_entries\n- :edit_own_time_entries\n- :manage_project_activities\n- :log_time_for_other_users\n- :import_time_entries\n- :view_news\n- :manage_news\n- :comment_news\n- :view_documents\n- :add_documents\n- :edit_documents\n- :delete_documents\n- :view_files\n- :manage_files\n- :view_wiki_pages\n- :view_wiki_edits\n- :export_wiki_pages\n- :edit_wiki_pages\n- :rename_wiki_pages\n- :delete_wiki_pages\n- :delete_wiki_pages_attachments\n- :view_wiki_page_watchers\n- :add_wiki_page_watchers\n- :delete_wiki_page_watchers\n- :protect_wiki_pages\n- :manage_wiki\n- :view_changesets\n- :browse_repository\n- :commit_access\n- :manage_related_issues\n- :manage_repository\n- :view_messages\n- :add_messages\n- :edit_messages\n- :edit_own_messages\n- :delete_messages\n- :delete_own_messages\n- :view_message_watchers\n- :add_message_watchers\n- :delete_message_watchers\n- :manage_boards\n- :view_calendar\n- :view_gantt\n', 'all', 'all', 'all', 1, NULL),
(4, 'Developer', 2, 1, 0, '---\n- :manage_versions\n- :manage_categories\n- :view_issues\n- :add_issues\n- :edit_issues\n- :view_private_notes\n- :set_notes_private\n- :manage_issue_relations\n- :manage_subtasks\n- :add_issue_notes\n- :save_queries\n- :view_gantt\n- :view_calendar\n- :log_time\n- :view_time_entries\n- :view_news\n- :comment_news\n- :view_documents\n- :view_wiki_pages\n- :view_wiki_edits\n- :edit_wiki_pages\n- :delete_wiki_pages\n- :view_messages\n- :add_messages\n- :edit_own_messages\n- :view_files\n- :manage_files\n- :browse_repository\n- :view_changesets\n- :commit_access\n- :manage_related_issues\n', 'default', 'all', 'all', 1, NULL),
(5, 'Reporter', 3, 1, 0, '---\n- :view_issues\n- :add_issues\n- :add_issue_notes\n- :save_queries\n- :view_gantt\n- :view_calendar\n- :log_time\n- :view_time_entries\n- :view_news\n- :comment_news\n- :view_documents\n- :view_wiki_pages\n- :view_wiki_edits\n- :view_messages\n- :add_messages\n- :edit_own_messages\n- :view_files\n- :browse_repository\n- :view_changesets\n', 'default', 'all', 'all', 1, NULL);

-- --------------------------------------------------------

--
-- Cấu trúc bảng cho bảng `roles_managed_roles`
--

CREATE TABLE `roles_managed_roles` (
  `role_id` int(11) NOT NULL,
  `managed_role_id` int(11) NOT NULL
) ENGINE=InnoDB DEFAULT CHARSET=utf8mb4 COLLATE=utf8mb4_unicode_ci;

-- --------------------------------------------------------

--
-- Cấu trúc bảng cho bảng `schema_migrations`
--

CREATE TABLE `schema_migrations` (
  `version` varchar(255) COLLATE utf8mb4_unicode_ci NOT NULL
) ENGINE=InnoDB DEFAULT CHARSET=utf8mb4 COLLATE=utf8mb4_unicode_ci;

--
-- Đang đổ dữ liệu cho bảng `schema_migrations`
--

INSERT INTO `schema_migrations` (`version`) VALUES
('1'),
('10'),
('100'),
('101'),
('102'),
('103'),
('104'),
('105'),
('106'),
('107'),
('108'),
('11'),
('12'),
('13'),
('14'),
('15'),
('16'),
('17'),
('18'),
('19'),
('2'),
('20'),
('20090214190337'),
('20090312172426'),
('20090312194159'),
('20090318181151'),
('20090323224724'),
('20090401221305'),
('20090401231134'),
('20090403001910'),
('20090406161854'),
('20090425161243'),
('20090503121501'),
('20090503121505'),
('20090503121510'),
('20090614091200'),
('20090704172350'),
('20090704172355'),
('20090704172358'),
('20091010093521'),
('20091017212227'),
('20091017212457'),
('20091017212644'),
('20091017212938'),
('20091017213027'),
('20091017213113'),
('20091017213151'),
('20091017213228'),
('20091017213257'),
('20091017213332'),
('20091017213444'),
('20091017213536'),
('20091017213642'),
('20091017213716'),
('20091017213757'),
('20091017213835'),
('20091017213910'),
('20091017214015'),
('20091017214107'),
('20091017214136'),
('20091017214236'),
('20091017214308'),
('20091017214336'),
('20091017214406'),
('20091017214440'),
('20091017214519'),
('20091017214611'),
('20091017214644'),
('20091017214720'),
('20091017214750'),
('20091025163651'),
('20091108092559'),
('20091114105931'),
('20091123212029'),
('20091205124427'),
('20091220183509'),
('20091220183727'),
('20091220184736'),
('20091225164732'),
('20091227112908'),
('20100129193402'),
('20100129193813'),
('20100221100219'),
('20100313132032'),
('20100313171051'),
('20100705164950'),
('20100819172912'),
('20101104182107'),
('20101107130441'),
('20101114115114'),
('20101114115359'),
('20110220160626'),
('20110223180944'),
('20110223180953'),
('20110224000000'),
('20110226120112'),
('20110226120132'),
('20110227125750'),
('20110228000000'),
('20110228000100'),
('20110401192910'),
('20110408103312'),
('20110412065600'),
('20110511000000'),
('20110902000000'),
('20111201201315'),
('20120115143024'),
('20120115143100'),
('20120115143126'),
('20120127174243'),
('20120205111326'),
('20120223110929'),
('20120301153455'),
('20120422150750'),
('20120705074331'),
('20120707064544'),
('20120714122000'),
('20120714122100'),
('20120714122200'),
('20120731164049'),
('20120930112914'),
('20121026002032'),
('20121026003537'),
('20121209123234'),
('20121209123358'),
('20121213084931'),
('20130110122628'),
('20130201184705'),
('20130202090625'),
('20130207175206'),
('20130207181455'),
('20130215073721'),
('20130215111127'),
('20130215111141'),
('20130217094251'),
('20130602092539'),
('20130710182539'),
('20130713104233'),
('20130713111657'),
('20130729070143'),
('20130911193200'),
('20131004113137'),
('20131005100610'),
('20131124175346'),
('20131210180802'),
('20131214094309'),
('20131215104612'),
('20131218183023'),
('20140228130325'),
('20140903143914'),
('20140920094058'),
('20141029181752'),
('20141029181824'),
('20141109112308'),
('20141122124142'),
('20150113194759'),
('20150113211532'),
('20150113213922'),
('20150113213955'),
('20150208105930'),
('20150510083747'),
('20150525103953'),
('20150526183158'),
('20150528084820'),
('20150528092912'),
('20150528093249'),
('20150725112753'),
('20150730122707'),
('20150730122735'),
('20150921204850'),
('20150921210243'),
('20151020182334'),
('20151020182731'),
('20151021184614'),
('20151021185456'),
('20151021190616'),
('20151024082034'),
('20151025072118'),
('20151031095005'),
('20160404080304'),
('20160416072926'),
('20160529063352'),
('20161001122012'),
('20161002133421'),
('20161010081301'),
('20161010081528'),
('20161010081600'),
('20161126094932'),
('20161220091118'),
('20170207050700'),
('20170302015225'),
('20170309214320'),
('20170320051650'),
('20170418090031'),
('20170419144536'),
('20170723112801'),
('20180501132547'),
('20180913072918'),
('20180923082945'),
('20180923091603'),
('20190315094151'),
('20190315102101'),
('20190510070108'),
('20190620135549'),
('20200826153401'),
('20200826153402'),
('20210704125704'),
('20210705111300'),
('20210728131544'),
('20210801145548'),
('20210801211024'),
('20211213122100'),
('20211213122101'),
('20211213122102'),
('20220224194639'),
('21'),
('22'),
('23'),
('24'),
('25'),
('26'),
('27'),
('28'),
('29'),
('3'),
('30'),
('31'),
('32'),
('33'),
('34'),
('35'),
('36'),
('37'),
('38'),
('39'),
('4'),
('40'),
('41'),
('42'),
('43'),
('44'),
('45'),
('46'),
('47'),
('48'),
('49'),
('5'),
('50'),
('51'),
('52'),
('53'),
('54'),
('55'),
('56'),
('57'),
('58'),
('59'),
('6'),
('60'),
('61'),
('62'),
('63'),
('64'),
('65'),
('66'),
('67'),
('68'),
('69'),
('7'),
('70'),
('71'),
('72'),
('73'),
('74'),
('75'),
('76'),
('77'),
('78'),
('79'),
('8'),
('80'),
('81'),
('82'),
('83'),
('84'),
('85'),
('86'),
('87'),
('88'),
('89'),
('9'),
('90'),
('91'),
('92'),
('93'),
('94'),
('95'),
('96'),
('97'),
('98'),
('99');

-- --------------------------------------------------------

--
-- Cấu trúc bảng cho bảng `settings`
--

CREATE TABLE `settings` (
  `id` int(11) NOT NULL,
  `name` varchar(255) COLLATE utf8mb4_unicode_ci NOT NULL DEFAULT '',
  `value` text COLLATE utf8mb4_unicode_ci DEFAULT NULL,
  `updated_on` timestamp NULL DEFAULT NULL
) ENGINE=InnoDB DEFAULT CHARSET=utf8mb4 COLLATE=utf8mb4_unicode_ci;

--
-- Đang đổ dữ liệu cho bảng `settings`
--

INSERT INTO `settings` (`id`, `name`, `value`, `updated_on`) VALUES
(1, 'default_projects_tracker_ids', '---\n- \'1\'\n- \'2\'\n- \'3\'\n', '2025-12-13 14:46:49');

-- --------------------------------------------------------

--
-- Cấu trúc bảng cho bảng `time_entries`
--

CREATE TABLE `time_entries` (
  `id` int(11) NOT NULL,
  `project_id` int(11) NOT NULL,
  `author_id` int(11) DEFAULT NULL,
  `user_id` int(11) NOT NULL,
  `issue_id` int(11) DEFAULT NULL,
  `hours` float NOT NULL,
  `comments` varchar(1024) COLLATE utf8mb4_unicode_ci DEFAULT NULL,
  `activity_id` int(11) NOT NULL,
  `spent_on` date NOT NULL,
  `tyear` int(11) NOT NULL,
  `tmonth` int(11) NOT NULL,
  `tweek` int(11) NOT NULL,
  `created_on` datetime NOT NULL,
  `updated_on` datetime NOT NULL
) ENGINE=InnoDB DEFAULT CHARSET=utf8mb4 COLLATE=utf8mb4_unicode_ci;

--
-- Đang đổ dữ liệu cho bảng `time_entries`
--

INSERT INTO `time_entries` (`id`, `project_id`, `author_id`, `user_id`, `issue_id`, `hours`, `comments`, `activity_id`, `spent_on`, `tyear`, `tmonth`, `tweek`, `created_on`, `updated_on`) VALUES
(1, 2, 1, 1, 4, 1, '', 8, '2025-12-14', 2025, 12, 50, '2025-12-14 21:49:42', '2025-12-14 21:49:42'),
(2, 2, 1, 1, 2, 1, '', 8, '2025-12-14', 2025, 12, 50, '2025-12-14 21:50:00', '2025-12-14 21:50:00'),
(3, 2, 1, 1, 6, 1, '', 8, '2025-12-14', 2025, 12, 50, '2025-12-14 21:50:25', '2025-12-14 21:50:25'),
(4, 2, 1, 1, 13, 1, '', 8, '2025-12-14', 2025, 12, 50, '2025-12-14 21:51:00', '2025-12-14 21:51:00'),
(5, 2, 1, 1, 10, 1, '', 9, '2025-12-14', 2025, 12, 50, '2025-12-14 21:51:12', '2025-12-14 21:51:12'),
(6, 2, 1, 1, 11, 1, '', 9, '2025-12-14', 2025, 12, 50, '2025-12-14 21:51:24', '2025-12-14 21:51:24'),
(7, 2, 1, 1, 8, 1, '', 9, '2025-12-14', 2025, 12, 50, '2025-12-14 21:51:43', '2025-12-14 21:51:43'),
(8, 2, 1, 1, 3, 1, '', 8, '2025-12-14', 2025, 12, 50, '2025-12-14 21:52:01', '2025-12-14 21:52:01'),
(9, 2, 1, 1, 7, 1, '', 8, '2025-12-14', 2025, 12, 50, '2025-12-14 21:52:54', '2025-12-14 21:52:54');

-- --------------------------------------------------------

--
-- Cấu trúc bảng cho bảng `tokens`
--

CREATE TABLE `tokens` (
  `id` int(11) NOT NULL,
  `user_id` int(11) NOT NULL DEFAULT 0,
  `action` varchar(30) COLLATE utf8mb4_unicode_ci NOT NULL DEFAULT '',
  `value` varchar(40) COLLATE utf8mb4_unicode_ci NOT NULL DEFAULT '',
  `created_on` datetime NOT NULL,
  `updated_on` timestamp NULL DEFAULT NULL
) ENGINE=InnoDB DEFAULT CHARSET=utf8mb4 COLLATE=utf8mb4_unicode_ci;

--
-- Đang đổ dữ liệu cho bảng `tokens`
--

INSERT INTO `tokens` (`id`, `user_id`, `action`, `value`, `created_on`, `updated_on`) VALUES
(1, 1, 'session', '04cc28a20fb94b5fb1ea0c156b75128d95259859', '2025-12-13 21:48:01', '2025-12-13 14:50:53'),
(2, 1, 'feeds', '1d2d6d13f4b5f6700a061dbfb0c5dc382d8d1e27', '2025-12-13 21:48:01', '2025-12-13 14:48:01'),
(3, 1, 'session', 'cae0488f6955f5bd254a1c33def1484c1be65fd8', '2025-12-14 12:41:06', '2025-12-14 08:41:29'),
(4, 5, 'session', '639ef3aa60013976f81aa2cf38de8cee02b7ca6a', '2025-12-14 12:57:08', '2025-12-14 09:04:07'),
(5, 5, 'feeds', '5718327fc61419a0924ccae003e50506ffd963bd', '2025-12-14 12:57:08', '2025-12-14 05:57:08'),
(6, 1, 'session', 'c22ec3999ca237c06bc103484646a7994da3a561', '2025-12-14 19:05:24', '2025-12-14 12:05:24'),
(7, 1, 'session', '5a9af94a443af9e717b259c546f5da96a29f92f0', '2025-12-14 19:30:46', '2025-12-14 15:39:46'),
(8, 6, 'session', 'bd14410d68ed66c6dc20509ef62bae0251e8f51d', '2025-12-14 20:37:22', '2025-12-14 14:23:55'),
(9, 6, 'feeds', '08f617922ffeb2387d3d55b223b7a4ad3b463ca6', '2025-12-14 20:37:23', '2025-12-14 13:37:23'),
(10, 5, 'session', '2943092ccd8b364b60d3563e51f760d1aa8f87bf', '2025-12-14 22:30:30', '2025-12-14 15:40:24');

-- --------------------------------------------------------

--
-- Cấu trúc bảng cho bảng `trackers`
--

CREATE TABLE `trackers` (
  `id` int(11) NOT NULL,
  `name` varchar(30) COLLATE utf8mb4_unicode_ci NOT NULL DEFAULT '',
  `description` varchar(255) COLLATE utf8mb4_unicode_ci DEFAULT NULL,
  `position` int(11) DEFAULT NULL,
  `is_in_roadmap` tinyint(1) NOT NULL DEFAULT 1,
  `fields_bits` int(11) DEFAULT 0,
  `default_status_id` int(11) DEFAULT NULL
) ENGINE=InnoDB DEFAULT CHARSET=utf8mb4 COLLATE=utf8mb4_unicode_ci;

--
-- Đang đổ dữ liệu cho bảng `trackers`
--

INSERT INTO `trackers` (`id`, `name`, `description`, `position`, `is_in_roadmap`, `fields_bits`, `default_status_id`) VALUES
(1, 'Bug', NULL, 1, 0, 0, 1),
(2, 'Feature', NULL, 2, 1, 0, 1),
(3, 'Support', NULL, 3, 0, 0, 1);

-- --------------------------------------------------------

--
-- Cấu trúc bảng cho bảng `users`
--

CREATE TABLE `users` (
  `id` int(11) NOT NULL,
  `login` varchar(255) COLLATE utf8mb4_unicode_ci NOT NULL DEFAULT '',
  `hashed_password` varchar(40) COLLATE utf8mb4_unicode_ci NOT NULL DEFAULT '',
  `firstname` varchar(30) COLLATE utf8mb4_unicode_ci NOT NULL DEFAULT '',
  `lastname` varchar(255) COLLATE utf8mb4_unicode_ci NOT NULL DEFAULT '',
  `admin` tinyint(1) NOT NULL DEFAULT 0,
  `status` int(11) NOT NULL DEFAULT 1,
  `last_login_on` datetime DEFAULT NULL,
  `language` varchar(5) COLLATE utf8mb4_unicode_ci DEFAULT '',
  `auth_source_id` int(11) DEFAULT NULL,
  `created_on` timestamp NULL DEFAULT NULL,
  `updated_on` timestamp NULL DEFAULT NULL,
  `type` varchar(255) COLLATE utf8mb4_unicode_ci DEFAULT NULL,
  `mail_notification` varchar(255) COLLATE utf8mb4_unicode_ci NOT NULL DEFAULT '',
  `salt` varchar(64) COLLATE utf8mb4_unicode_ci DEFAULT NULL,
  `must_change_passwd` tinyint(1) NOT NULL DEFAULT 0,
  `passwd_changed_on` datetime DEFAULT NULL,
  `twofa_scheme` varchar(255) COLLATE utf8mb4_unicode_ci DEFAULT NULL,
  `twofa_totp_key` varchar(255) COLLATE utf8mb4_unicode_ci DEFAULT NULL,
  `twofa_totp_last_used_at` int(11) DEFAULT NULL,
  `twofa_required` tinyint(1) DEFAULT 0
) ENGINE=InnoDB DEFAULT CHARSET=utf8mb4 COLLATE=utf8mb4_unicode_ci;

--
-- Đang đổ dữ liệu cho bảng `users`
--

INSERT INTO `users` (`id`, `login`, `hashed_password`, `firstname`, `lastname`, `admin`, `status`, `last_login_on`, `language`, `auth_source_id`, `created_on`, `updated_on`, `type`, `mail_notification`, `salt`, `must_change_passwd`, `passwd_changed_on`, `twofa_scheme`, `twofa_totp_key`, `twofa_totp_last_used_at`, `twofa_required`) VALUES
(1, 'hung', 'e6dead3bc7d0386c16577133db1133ff29764d7d', 'Hoang Hung', 'Admin', 1, 1, '2025-12-14 19:30:46', 'en', NULL, '2025-12-13 14:46:36', '2025-12-13 14:46:36', 'User', 'all', 'd2ace4ab41934a7cd04c2a3f3d49201d', 0, NULL, NULL, NULL, NULL, 0),
(2, '', '', '', 'Anonymous users', 0, 1, NULL, '', NULL, '2025-12-13 14:46:42', '2025-12-13 14:46:42', 'GroupAnonymous', '', NULL, 0, NULL, NULL, NULL, NULL, 0),
(3, '', '', '', 'Non member users', 0, 1, NULL, '', NULL, '2025-12-13 14:46:42', '2025-12-13 14:46:42', 'GroupNonMember', '', NULL, 0, NULL, NULL, NULL, NULL, 0),
(4, '', '', '', 'Anonymous', 0, 0, NULL, '', NULL, '2025-12-13 14:46:50', '2025-12-13 14:46:50', 'AnonymousUser', 'only_my_events', NULL, 0, NULL, NULL, NULL, NULL, 0),
(5, 'manhj', '5645d9cd114d8de7f6d72e447070872369c72cd9', 'Tuan', 'Manh', 1, 1, '2025-12-14 22:30:30', 'en', NULL, '2025-12-14 05:56:54', '2025-12-14 05:56:54', 'User', 'only_my_events', '70d709b4436c650da5fca3b9d7972f41', 0, '2025-12-14 12:56:54', NULL, NULL, NULL, 0),
(6, 'admin', '4df016ca2fc8fee7dfa450fe34aebaa0b3560997', 'Thành', 'Công', 1, 1, '2025-12-14 20:37:22', 'en', NULL, '2025-12-14 13:29:16', '2025-12-14 13:29:16', 'User', 'only_my_events', '6e7d14d7059f00b6ad01ae6ea4dbf821', 0, '2025-12-14 20:29:16', NULL, NULL, NULL, 0);

-- --------------------------------------------------------

--
-- Cấu trúc bảng cho bảng `user_preferences`
--

CREATE TABLE `user_preferences` (
  `id` int(11) NOT NULL,
  `user_id` int(11) NOT NULL DEFAULT 0,
  `others` text COLLATE utf8mb4_unicode_ci DEFAULT NULL,
  `hide_mail` tinyint(1) DEFAULT 1,
  `time_zone` varchar(255) COLLATE utf8mb4_unicode_ci DEFAULT NULL
) ENGINE=InnoDB DEFAULT CHARSET=utf8mb4 COLLATE=utf8mb4_unicode_ci;

--
-- Đang đổ dữ liệu cho bảng `user_preferences`
--

INSERT INTO `user_preferences` (`id`, `user_id`, `others`, `hide_mail`, `time_zone`) VALUES
(1, 1, '---\n:no_self_notified: \'1\'\n:auto_watch_on:\n- issue_contributed_to\n:my_page_layout:\n  left:\n  - issuesassignedtome\n  right:\n  - issuesreportedbyme\n:my_page_settings: {}\n:recently_used_project_ids: \'2,1\'\n:gantt_zoom: 2\n:gantt_months: 6\n', 1, ''),
(2, 5, '---\n:no_self_notified: \'1\'\n:auto_watch_on:\n- \'\'\n- issue_contributed_to\n:notify_about_high_priority_issues: \'0\'\n:comments_sorting: asc\n:warn_on_leaving_unsaved: \'1\'\n:textarea_font: \'\'\n:recently_used_projects: 3\n:history_default_tab: notes\n:toolbar_language_options: c,cpp,csharp,css,diff,go,groovy,html,java,javascript,objc,perl,php,python,r,ruby,sass,scala,shell,sql,swift,xml,yaml\n:default_issue_query: \'\'\n:default_project_query: \'\'\n:my_page_layout:\n  left:\n  - issuesassignedtome\n  right:\n  - issuesreportedbyme\n:my_page_settings: {}\n:recently_used_project_ids: \'2,1\'\n', 1, ''),
(3, 6, '---\n:no_self_notified: \'1\'\n:auto_watch_on:\n- \'\'\n- issue_contributed_to\n:notify_about_high_priority_issues: \'0\'\n:comments_sorting: asc\n:warn_on_leaving_unsaved: \'1\'\n:textarea_font: \'\'\n:recently_used_projects: 3\n:history_default_tab: notes\n:toolbar_language_options: c,cpp,csharp,css,diff,go,groovy,html,java,javascript,objc,perl,php,python,r,ruby,sass,scala,shell,sql,swift,xml,yaml\n:default_issue_query: \'\'\n:default_project_query: \'\'\n:my_page_layout:\n  left:\n  - issuesassignedtome\n  right:\n  - issuesreportedbyme\n:my_page_settings: {}\n:recently_used_project_ids: \'2\'\n', 1, '');

-- --------------------------------------------------------

--
-- Cấu trúc bảng cho bảng `versions`
--

CREATE TABLE `versions` (
  `id` int(11) NOT NULL,
  `project_id` int(11) NOT NULL DEFAULT 0,
  `name` varchar(255) COLLATE utf8mb4_unicode_ci NOT NULL DEFAULT '',
  `description` varchar(255) COLLATE utf8mb4_unicode_ci DEFAULT '',
  `effective_date` date DEFAULT NULL,
  `created_on` timestamp NULL DEFAULT NULL,
  `updated_on` timestamp NULL DEFAULT NULL,
  `wiki_page_title` varchar(255) COLLATE utf8mb4_unicode_ci DEFAULT NULL,
  `status` varchar(255) COLLATE utf8mb4_unicode_ci DEFAULT 'open',
  `sharing` varchar(255) COLLATE utf8mb4_unicode_ci NOT NULL DEFAULT 'none'
) ENGINE=InnoDB DEFAULT CHARSET=utf8mb4 COLLATE=utf8mb4_unicode_ci;

-- --------------------------------------------------------

--
-- Cấu trúc bảng cho bảng `watchers`
--

CREATE TABLE `watchers` (
  `id` int(11) NOT NULL,
  `watchable_type` varchar(255) COLLATE utf8mb4_unicode_ci NOT NULL DEFAULT '',
  `watchable_id` int(11) NOT NULL DEFAULT 0,
  `user_id` int(11) DEFAULT NULL
) ENGINE=InnoDB DEFAULT CHARSET=utf8mb4 COLLATE=utf8mb4_unicode_ci;

--
-- Đang đổ dữ liệu cho bảng `watchers`
--

INSERT INTO `watchers` (`id`, `watchable_type`, `watchable_id`, `user_id`) VALUES
(3, 'Issue', 9, 1),
(4, 'Issue', 4, 5),
(6, 'Issue', 2, 1),
(7, 'Issue', 4, 1),
(8, 'Issue', 2, 5),
(9, 'Issue', 5, 1),
(10, 'Issue', 6, 1),
(11, 'Issue', 6, 5),
(12, 'Issue', 9, 5),
(13, 'Issue', 7, 1),
(14, 'Issue', 7, 5),
(15, 'Issue', 3, 5),
(16, 'Issue', 3, 1),
(17, 'Issue', 13, 1),
(18, 'Issue', 8, 6),
(19, 'Issue', 8, 1),
(20, 'Issue', 11, 6),
(21, 'Issue', 11, 1),
(22, 'Issue', 10, 6),
(23, 'Issue', 10, 1),
(24, 'Issue', 13, 6),
(25, 'Issue', 14, 1),
(26, 'Issue', 14, 5);

-- --------------------------------------------------------

--
-- Cấu trúc bảng cho bảng `wikis`
--

CREATE TABLE `wikis` (
  `id` int(11) NOT NULL,
  `project_id` int(11) NOT NULL,
  `start_page` varchar(255) COLLATE utf8mb4_unicode_ci NOT NULL,
  `status` int(11) NOT NULL DEFAULT 1
) ENGINE=InnoDB DEFAULT CHARSET=utf8mb4 COLLATE=utf8mb4_unicode_ci;

--
-- Đang đổ dữ liệu cho bảng `wikis`
--

INSERT INTO `wikis` (`id`, `project_id`, `start_page`, `status`) VALUES
(2, 2, 'Wiki', 1);

-- --------------------------------------------------------

--
-- Cấu trúc bảng cho bảng `wiki_contents`
--

CREATE TABLE `wiki_contents` (
  `id` int(11) NOT NULL,
  `page_id` int(11) NOT NULL,
  `author_id` int(11) DEFAULT NULL,
  `text` longtext COLLATE utf8mb4_unicode_ci DEFAULT NULL,
  `comments` varchar(1024) COLLATE utf8mb4_unicode_ci DEFAULT '',
  `updated_on` datetime NOT NULL,
  `version` int(11) NOT NULL
) ENGINE=InnoDB DEFAULT CHARSET=utf8mb4 COLLATE=utf8mb4_unicode_ci;

-- --------------------------------------------------------

--
-- Cấu trúc bảng cho bảng `wiki_content_versions`
--

CREATE TABLE `wiki_content_versions` (
  `id` int(11) NOT NULL,
  `wiki_content_id` int(11) NOT NULL,
  `page_id` int(11) NOT NULL,
  `author_id` int(11) DEFAULT NULL,
  `data` longblob DEFAULT NULL,
  `compression` varchar(6) COLLATE utf8mb4_unicode_ci DEFAULT '',
  `comments` varchar(1024) COLLATE utf8mb4_unicode_ci DEFAULT '',
  `updated_on` datetime NOT NULL,
  `version` int(11) NOT NULL
) ENGINE=InnoDB DEFAULT CHARSET=utf8mb4 COLLATE=utf8mb4_unicode_ci;

-- --------------------------------------------------------

--
-- Cấu trúc bảng cho bảng `wiki_pages`
--

CREATE TABLE `wiki_pages` (
  `id` int(11) NOT NULL,
  `wiki_id` int(11) NOT NULL,
  `title` varchar(255) COLLATE utf8mb4_unicode_ci NOT NULL,
  `created_on` datetime NOT NULL,
  `protected` tinyint(1) NOT NULL DEFAULT 0,
  `parent_id` int(11) DEFAULT NULL
) ENGINE=InnoDB DEFAULT CHARSET=utf8mb4 COLLATE=utf8mb4_unicode_ci;

-- --------------------------------------------------------

--
-- Cấu trúc bảng cho bảng `wiki_redirects`
--

CREATE TABLE `wiki_redirects` (
  `id` int(11) NOT NULL,
  `wiki_id` int(11) NOT NULL,
  `title` varchar(255) COLLATE utf8mb4_unicode_ci DEFAULT NULL,
  `redirects_to` varchar(255) COLLATE utf8mb4_unicode_ci DEFAULT NULL,
  `created_on` datetime NOT NULL,
  `redirects_to_wiki_id` int(11) NOT NULL
) ENGINE=InnoDB DEFAULT CHARSET=utf8mb4 COLLATE=utf8mb4_unicode_ci;

-- --------------------------------------------------------

--
-- Cấu trúc bảng cho bảng `workflows`
--

CREATE TABLE `workflows` (
  `id` int(11) NOT NULL,
  `tracker_id` int(11) NOT NULL DEFAULT 0,
  `old_status_id` int(11) NOT NULL DEFAULT 0,
  `new_status_id` int(11) NOT NULL DEFAULT 0,
  `role_id` int(11) NOT NULL DEFAULT 0,
  `assignee` tinyint(1) NOT NULL DEFAULT 0,
  `author` tinyint(1) NOT NULL DEFAULT 0,
  `type` varchar(30) COLLATE utf8mb4_unicode_ci DEFAULT NULL,
  `field_name` varchar(30) COLLATE utf8mb4_unicode_ci DEFAULT NULL,
  `rule` varchar(30) COLLATE utf8mb4_unicode_ci DEFAULT NULL
) ENGINE=InnoDB DEFAULT CHARSET=utf8mb4 COLLATE=utf8mb4_unicode_ci;

--
-- Đang đổ dữ liệu cho bảng `workflows`
--

INSERT INTO `workflows` (`id`, `tracker_id`, `old_status_id`, `new_status_id`, `role_id`, `assignee`, `author`, `type`, `field_name`, `rule`) VALUES
(1, 1, 1, 2, 3, 0, 0, 'WorkflowTransition', NULL, NULL),
(2, 1, 1, 3, 3, 0, 0, 'WorkflowTransition', NULL, NULL),
(3, 1, 1, 4, 3, 0, 0, 'WorkflowTransition', NULL, NULL),
(4, 1, 1, 5, 3, 0, 0, 'WorkflowTransition', NULL, NULL),
(5, 1, 1, 6, 3, 0, 0, 'WorkflowTransition', NULL, NULL),
(6, 1, 2, 1, 3, 0, 0, 'WorkflowTransition', NULL, NULL),
(7, 1, 2, 3, 3, 0, 0, 'WorkflowTransition', NULL, NULL),
(8, 1, 2, 4, 3, 0, 0, 'WorkflowTransition', NULL, NULL),
(9, 1, 2, 5, 3, 0, 0, 'WorkflowTransition', NULL, NULL),
(10, 1, 2, 6, 3, 0, 0, 'WorkflowTransition', NULL, NULL),
(11, 1, 3, 1, 3, 0, 0, 'WorkflowTransition', NULL, NULL),
(12, 1, 3, 2, 3, 0, 0, 'WorkflowTransition', NULL, NULL),
(13, 1, 3, 4, 3, 0, 0, 'WorkflowTransition', NULL, NULL),
(14, 1, 3, 5, 3, 0, 0, 'WorkflowTransition', NULL, NULL),
(15, 1, 3, 6, 3, 0, 0, 'WorkflowTransition', NULL, NULL),
(16, 1, 4, 1, 3, 0, 0, 'WorkflowTransition', NULL, NULL),
(17, 1, 4, 2, 3, 0, 0, 'WorkflowTransition', NULL, NULL),
(18, 1, 4, 3, 3, 0, 0, 'WorkflowTransition', NULL, NULL),
(19, 1, 4, 5, 3, 0, 0, 'WorkflowTransition', NULL, NULL),
(20, 1, 4, 6, 3, 0, 0, 'WorkflowTransition', NULL, NULL),
(21, 1, 5, 1, 3, 0, 0, 'WorkflowTransition', NULL, NULL),
(22, 1, 5, 2, 3, 0, 0, 'WorkflowTransition', NULL, NULL),
(23, 1, 5, 3, 3, 0, 0, 'WorkflowTransition', NULL, NULL),
(24, 1, 5, 4, 3, 0, 0, 'WorkflowTransition', NULL, NULL),
(25, 1, 5, 6, 3, 0, 0, 'WorkflowTransition', NULL, NULL),
(26, 1, 6, 1, 3, 0, 0, 'WorkflowTransition', NULL, NULL),
(27, 1, 6, 2, 3, 0, 0, 'WorkflowTransition', NULL, NULL),
(28, 1, 6, 3, 3, 0, 0, 'WorkflowTransition', NULL, NULL),
(29, 1, 6, 4, 3, 0, 0, 'WorkflowTransition', NULL, NULL),
(30, 1, 6, 5, 3, 0, 0, 'WorkflowTransition', NULL, NULL),
(31, 2, 1, 2, 3, 0, 0, 'WorkflowTransition', NULL, NULL),
(32, 2, 1, 3, 3, 0, 0, 'WorkflowTransition', NULL, NULL),
(33, 2, 1, 4, 3, 0, 0, 'WorkflowTransition', NULL, NULL),
(34, 2, 1, 5, 3, 0, 0, 'WorkflowTransition', NULL, NULL),
(35, 2, 1, 6, 3, 0, 0, 'WorkflowTransition', NULL, NULL),
(36, 2, 2, 1, 3, 0, 0, 'WorkflowTransition', NULL, NULL),
(37, 2, 2, 3, 3, 0, 0, 'WorkflowTransition', NULL, NULL),
(38, 2, 2, 4, 3, 0, 0, 'WorkflowTransition', NULL, NULL),
(39, 2, 2, 5, 3, 0, 0, 'WorkflowTransition', NULL, NULL),
(40, 2, 2, 6, 3, 0, 0, 'WorkflowTransition', NULL, NULL),
(41, 2, 3, 1, 3, 0, 0, 'WorkflowTransition', NULL, NULL),
(42, 2, 3, 2, 3, 0, 0, 'WorkflowTransition', NULL, NULL),
(43, 2, 3, 4, 3, 0, 0, 'WorkflowTransition', NULL, NULL),
(44, 2, 3, 5, 3, 0, 0, 'WorkflowTransition', NULL, NULL),
(45, 2, 3, 6, 3, 0, 0, 'WorkflowTransition', NULL, NULL),
(46, 2, 4, 1, 3, 0, 0, 'WorkflowTransition', NULL, NULL),
(47, 2, 4, 2, 3, 0, 0, 'WorkflowTransition', NULL, NULL),
(48, 2, 4, 3, 3, 0, 0, 'WorkflowTransition', NULL, NULL),
(49, 2, 4, 5, 3, 0, 0, 'WorkflowTransition', NULL, NULL),
(50, 2, 4, 6, 3, 0, 0, 'WorkflowTransition', NULL, NULL),
(51, 2, 5, 1, 3, 0, 0, 'WorkflowTransition', NULL, NULL),
(52, 2, 5, 2, 3, 0, 0, 'WorkflowTransition', NULL, NULL),
(53, 2, 5, 3, 3, 0, 0, 'WorkflowTransition', NULL, NULL),
(54, 2, 5, 4, 3, 0, 0, 'WorkflowTransition', NULL, NULL),
(55, 2, 5, 6, 3, 0, 0, 'WorkflowTransition', NULL, NULL),
(56, 2, 6, 1, 3, 0, 0, 'WorkflowTransition', NULL, NULL),
(57, 2, 6, 2, 3, 0, 0, 'WorkflowTransition', NULL, NULL),
(58, 2, 6, 3, 3, 0, 0, 'WorkflowTransition', NULL, NULL),
(59, 2, 6, 4, 3, 0, 0, 'WorkflowTransition', NULL, NULL),
(60, 2, 6, 5, 3, 0, 0, 'WorkflowTransition', NULL, NULL),
(61, 3, 1, 2, 3, 0, 0, 'WorkflowTransition', NULL, NULL),
(62, 3, 1, 3, 3, 0, 0, 'WorkflowTransition', NULL, NULL),
(63, 3, 1, 4, 3, 0, 0, 'WorkflowTransition', NULL, NULL),
(64, 3, 1, 5, 3, 0, 0, 'WorkflowTransition', NULL, NULL),
(65, 3, 1, 6, 3, 0, 0, 'WorkflowTransition', NULL, NULL),
(66, 3, 2, 1, 3, 0, 0, 'WorkflowTransition', NULL, NULL),
(67, 3, 2, 3, 3, 0, 0, 'WorkflowTransition', NULL, NULL),
(68, 3, 2, 4, 3, 0, 0, 'WorkflowTransition', NULL, NULL),
(69, 3, 2, 5, 3, 0, 0, 'WorkflowTransition', NULL, NULL),
(70, 3, 2, 6, 3, 0, 0, 'WorkflowTransition', NULL, NULL),
(71, 3, 3, 1, 3, 0, 0, 'WorkflowTransition', NULL, NULL),
(72, 3, 3, 2, 3, 0, 0, 'WorkflowTransition', NULL, NULL),
(73, 3, 3, 4, 3, 0, 0, 'WorkflowTransition', NULL, NULL),
(74, 3, 3, 5, 3, 0, 0, 'WorkflowTransition', NULL, NULL),
(75, 3, 3, 6, 3, 0, 0, 'WorkflowTransition', NULL, NULL),
(76, 3, 4, 1, 3, 0, 0, 'WorkflowTransition', NULL, NULL),
(77, 3, 4, 2, 3, 0, 0, 'WorkflowTransition', NULL, NULL),
(78, 3, 4, 3, 3, 0, 0, 'WorkflowTransition', NULL, NULL),
(79, 3, 4, 5, 3, 0, 0, 'WorkflowTransition', NULL, NULL),
(80, 3, 4, 6, 3, 0, 0, 'WorkflowTransition', NULL, NULL),
(81, 3, 5, 1, 3, 0, 0, 'WorkflowTransition', NULL, NULL),
(82, 3, 5, 2, 3, 0, 0, 'WorkflowTransition', NULL, NULL),
(83, 3, 5, 3, 3, 0, 0, 'WorkflowTransition', NULL, NULL),
(84, 3, 5, 4, 3, 0, 0, 'WorkflowTransition', NULL, NULL),
(85, 3, 5, 6, 3, 0, 0, 'WorkflowTransition', NULL, NULL),
(86, 3, 6, 1, 3, 0, 0, 'WorkflowTransition', NULL, NULL),
(87, 3, 6, 2, 3, 0, 0, 'WorkflowTransition', NULL, NULL),
(88, 3, 6, 3, 3, 0, 0, 'WorkflowTransition', NULL, NULL),
(89, 3, 6, 4, 3, 0, 0, 'WorkflowTransition', NULL, NULL),
(90, 3, 6, 5, 3, 0, 0, 'WorkflowTransition', NULL, NULL),
(91, 1, 1, 2, 4, 0, 0, 'WorkflowTransition', NULL, NULL),
(92, 1, 1, 3, 4, 0, 0, 'WorkflowTransition', NULL, NULL),
(93, 1, 1, 4, 4, 0, 0, 'WorkflowTransition', NULL, NULL),
(94, 1, 1, 5, 4, 0, 0, 'WorkflowTransition', NULL, NULL),
(95, 1, 2, 3, 4, 0, 0, 'WorkflowTransition', NULL, NULL),
(96, 1, 2, 4, 4, 0, 0, 'WorkflowTransition', NULL, NULL),
(97, 1, 2, 5, 4, 0, 0, 'WorkflowTransition', NULL, NULL),
(98, 1, 3, 2, 4, 0, 0, 'WorkflowTransition', NULL, NULL),
(99, 1, 3, 4, 4, 0, 0, 'WorkflowTransition', NULL, NULL),
(100, 1, 3, 5, 4, 0, 0, 'WorkflowTransition', NULL, NULL),
(101, 1, 4, 2, 4, 0, 0, 'WorkflowTransition', NULL, NULL),
(102, 1, 4, 3, 4, 0, 0, 'WorkflowTransition', NULL, NULL),
(103, 1, 4, 5, 4, 0, 0, 'WorkflowTransition', NULL, NULL),
(104, 2, 1, 2, 4, 0, 0, 'WorkflowTransition', NULL, NULL),
(105, 2, 1, 3, 4, 0, 0, 'WorkflowTransition', NULL, NULL),
(106, 2, 1, 4, 4, 0, 0, 'WorkflowTransition', NULL, NULL),
(107, 2, 1, 5, 4, 0, 0, 'WorkflowTransition', NULL, NULL),
(108, 2, 2, 3, 4, 0, 0, 'WorkflowTransition', NULL, NULL),
(109, 2, 2, 4, 4, 0, 0, 'WorkflowTransition', NULL, NULL),
(110, 2, 2, 5, 4, 0, 0, 'WorkflowTransition', NULL, NULL),
(111, 2, 3, 2, 4, 0, 0, 'WorkflowTransition', NULL, NULL),
(112, 2, 3, 4, 4, 0, 0, 'WorkflowTransition', NULL, NULL),
(113, 2, 3, 5, 4, 0, 0, 'WorkflowTransition', NULL, NULL),
(114, 2, 4, 2, 4, 0, 0, 'WorkflowTransition', NULL, NULL),
(115, 2, 4, 3, 4, 0, 0, 'WorkflowTransition', NULL, NULL),
(116, 2, 4, 5, 4, 0, 0, 'WorkflowTransition', NULL, NULL),
(117, 3, 1, 2, 4, 0, 0, 'WorkflowTransition', NULL, NULL),
(118, 3, 1, 3, 4, 0, 0, 'WorkflowTransition', NULL, NULL),
(119, 3, 1, 4, 4, 0, 0, 'WorkflowTransition', NULL, NULL),
(120, 3, 1, 5, 4, 0, 0, 'WorkflowTransition', NULL, NULL),
(121, 3, 2, 3, 4, 0, 0, 'WorkflowTransition', NULL, NULL),
(122, 3, 2, 4, 4, 0, 0, 'WorkflowTransition', NULL, NULL),
(123, 3, 2, 5, 4, 0, 0, 'WorkflowTransition', NULL, NULL),
(124, 3, 3, 2, 4, 0, 0, 'WorkflowTransition', NULL, NULL),
(125, 3, 3, 4, 4, 0, 0, 'WorkflowTransition', NULL, NULL),
(126, 3, 3, 5, 4, 0, 0, 'WorkflowTransition', NULL, NULL),
(127, 3, 4, 2, 4, 0, 0, 'WorkflowTransition', NULL, NULL),
(128, 3, 4, 3, 4, 0, 0, 'WorkflowTransition', NULL, NULL),
(129, 3, 4, 5, 4, 0, 0, 'WorkflowTransition', NULL, NULL),
(130, 1, 1, 5, 5, 0, 0, 'WorkflowTransition', NULL, NULL),
(131, 1, 2, 5, 5, 0, 0, 'WorkflowTransition', NULL, NULL),
(132, 1, 3, 5, 5, 0, 0, 'WorkflowTransition', NULL, NULL),
(133, 1, 4, 5, 5, 0, 0, 'WorkflowTransition', NULL, NULL),
(134, 1, 3, 4, 5, 0, 0, 'WorkflowTransition', NULL, NULL),
(135, 2, 1, 5, 5, 0, 0, 'WorkflowTransition', NULL, NULL),
(136, 2, 2, 5, 5, 0, 0, 'WorkflowTransition', NULL, NULL),
(137, 2, 3, 5, 5, 0, 0, 'WorkflowTransition', NULL, NULL),
(138, 2, 4, 5, 5, 0, 0, 'WorkflowTransition', NULL, NULL),
(139, 2, 3, 4, 5, 0, 0, 'WorkflowTransition', NULL, NULL),
(140, 3, 1, 5, 5, 0, 0, 'WorkflowTransition', NULL, NULL),
(141, 3, 2, 5, 5, 0, 0, 'WorkflowTransition', NULL, NULL),
(142, 3, 3, 5, 5, 0, 0, 'WorkflowTransition', NULL, NULL),
(143, 3, 4, 5, 5, 0, 0, 'WorkflowTransition', NULL, NULL),
(144, 3, 3, 4, 5, 0, 0, 'WorkflowTransition', NULL, NULL);

--
-- Chỉ mục cho các bảng đã đổ
--

--
-- Chỉ mục cho bảng `ar_internal_metadata`
--
ALTER TABLE `ar_internal_metadata`
  ADD PRIMARY KEY (`key`);

--
-- Chỉ mục cho bảng `attachments`
--
ALTER TABLE `attachments`
  ADD PRIMARY KEY (`id`),
  ADD KEY `index_attachments_on_author_id` (`author_id`),
  ADD KEY `index_attachments_on_created_on` (`created_on`),
  ADD KEY `index_attachments_on_container_id_and_container_type` (`container_id`,`container_type`),
  ADD KEY `index_attachments_on_disk_filename` (`disk_filename`);

--
-- Chỉ mục cho bảng `auth_sources`
--
ALTER TABLE `auth_sources`
  ADD PRIMARY KEY (`id`),
  ADD KEY `index_auth_sources_on_id_and_type` (`id`,`type`);

--
-- Chỉ mục cho bảng `boards`
--
ALTER TABLE `boards`
  ADD PRIMARY KEY (`id`),
  ADD KEY `boards_project_id` (`project_id`),
  ADD KEY `index_boards_on_last_message_id` (`last_message_id`);

--
-- Chỉ mục cho bảng `changes`
--
ALTER TABLE `changes`
  ADD PRIMARY KEY (`id`),
  ADD KEY `changesets_changeset_id` (`changeset_id`);

--
-- Chỉ mục cho bảng `changesets`
--
ALTER TABLE `changesets`
  ADD PRIMARY KEY (`id`),
  ADD UNIQUE KEY `changesets_repos_rev` (`repository_id`,`revision`),
  ADD KEY `index_changesets_on_user_id` (`user_id`),
  ADD KEY `index_changesets_on_repository_id` (`repository_id`),
  ADD KEY `index_changesets_on_committed_on` (`committed_on`),
  ADD KEY `changesets_repos_scmid` (`repository_id`,`scmid`);

--
-- Chỉ mục cho bảng `changesets_issues`
--
ALTER TABLE `changesets_issues`
  ADD UNIQUE KEY `changesets_issues_ids` (`changeset_id`,`issue_id`),
  ADD KEY `index_changesets_issues_on_issue_id` (`issue_id`);

--
-- Chỉ mục cho bảng `changeset_parents`
--
ALTER TABLE `changeset_parents`
  ADD KEY `changeset_parents_changeset_ids` (`changeset_id`),
  ADD KEY `changeset_parents_parent_ids` (`parent_id`);

--
-- Chỉ mục cho bảng `comments`
--
ALTER TABLE `comments`
  ADD PRIMARY KEY (`id`),
  ADD KEY `index_comments_on_commented_id_and_commented_type` (`commented_id`,`commented_type`),
  ADD KEY `index_comments_on_author_id` (`author_id`);

--
-- Chỉ mục cho bảng `custom_fields`
--
ALTER TABLE `custom_fields`
  ADD PRIMARY KEY (`id`),
  ADD KEY `index_custom_fields_on_id_and_type` (`id`,`type`);

--
-- Chỉ mục cho bảng `custom_fields_projects`
--
ALTER TABLE `custom_fields_projects`
  ADD UNIQUE KEY `index_custom_fields_projects_on_custom_field_id_and_project_id` (`custom_field_id`,`project_id`);

--
-- Chỉ mục cho bảng `custom_fields_roles`
--
ALTER TABLE `custom_fields_roles`
  ADD UNIQUE KEY `custom_fields_roles_ids` (`custom_field_id`,`role_id`);

--
-- Chỉ mục cho bảng `custom_fields_trackers`
--
ALTER TABLE `custom_fields_trackers`
  ADD UNIQUE KEY `index_custom_fields_trackers_on_custom_field_id_and_tracker_id` (`custom_field_id`,`tracker_id`);

--
-- Chỉ mục cho bảng `custom_field_enumerations`
--
ALTER TABLE `custom_field_enumerations`
  ADD PRIMARY KEY (`id`);

--
-- Chỉ mục cho bảng `custom_values`
--
ALTER TABLE `custom_values`
  ADD PRIMARY KEY (`id`),
  ADD KEY `custom_values_customized` (`customized_type`,`customized_id`),
  ADD KEY `index_custom_values_on_custom_field_id` (`custom_field_id`);

--
-- Chỉ mục cho bảng `documents`
--
ALTER TABLE `documents`
  ADD PRIMARY KEY (`id`),
  ADD KEY `documents_project_id` (`project_id`),
  ADD KEY `index_documents_on_category_id` (`category_id`),
  ADD KEY `index_documents_on_created_on` (`created_on`);

--
-- Chỉ mục cho bảng `email_addresses`
--
ALTER TABLE `email_addresses`
  ADD PRIMARY KEY (`id`),
  ADD KEY `index_email_addresses_on_user_id` (`user_id`);

--
-- Chỉ mục cho bảng `enabled_modules`
--
ALTER TABLE `enabled_modules`
  ADD PRIMARY KEY (`id`),
  ADD KEY `enabled_modules_project_id` (`project_id`);

--
-- Chỉ mục cho bảng `enumerations`
--
ALTER TABLE `enumerations`
  ADD PRIMARY KEY (`id`),
  ADD KEY `index_enumerations_on_project_id` (`project_id`),
  ADD KEY `index_enumerations_on_id_and_type` (`id`,`type`);

--
-- Chỉ mục cho bảng `groups_users`
--
ALTER TABLE `groups_users`
  ADD UNIQUE KEY `groups_users_ids` (`group_id`,`user_id`);

--
-- Chỉ mục cho bảng `imports`
--
ALTER TABLE `imports`
  ADD PRIMARY KEY (`id`);

--
-- Chỉ mục cho bảng `import_items`
--
ALTER TABLE `import_items`
  ADD PRIMARY KEY (`id`),
  ADD KEY `index_import_items_on_import_id_and_unique_id` (`import_id`,`unique_id`);

--
-- Chỉ mục cho bảng `issues`
--
ALTER TABLE `issues`
  ADD PRIMARY KEY (`id`),
  ADD KEY `issues_project_id` (`project_id`),
  ADD KEY `index_issues_on_status_id` (`status_id`),
  ADD KEY `index_issues_on_category_id` (`category_id`),
  ADD KEY `index_issues_on_assigned_to_id` (`assigned_to_id`),
  ADD KEY `index_issues_on_fixed_version_id` (`fixed_version_id`),
  ADD KEY `index_issues_on_tracker_id` (`tracker_id`),
  ADD KEY `index_issues_on_priority_id` (`priority_id`),
  ADD KEY `index_issues_on_author_id` (`author_id`),
  ADD KEY `index_issues_on_created_on` (`created_on`),
  ADD KEY `index_issues_on_root_id_and_lft_and_rgt` (`root_id`,`lft`,`rgt`),
  ADD KEY `index_issues_on_parent_id` (`parent_id`);

--
-- Chỉ mục cho bảng `issue_categories`
--
ALTER TABLE `issue_categories`
  ADD PRIMARY KEY (`id`),
  ADD KEY `issue_categories_project_id` (`project_id`),
  ADD KEY `index_issue_categories_on_assigned_to_id` (`assigned_to_id`);

--
-- Chỉ mục cho bảng `issue_relations`
--
ALTER TABLE `issue_relations`
  ADD PRIMARY KEY (`id`),
  ADD UNIQUE KEY `index_issue_relations_on_issue_from_id_and_issue_to_id` (`issue_from_id`,`issue_to_id`),
  ADD KEY `index_issue_relations_on_issue_from_id` (`issue_from_id`),
  ADD KEY `index_issue_relations_on_issue_to_id` (`issue_to_id`);

--
-- Chỉ mục cho bảng `issue_statuses`
--
ALTER TABLE `issue_statuses`
  ADD PRIMARY KEY (`id`),
  ADD KEY `index_issue_statuses_on_position` (`position`),
  ADD KEY `index_issue_statuses_on_is_closed` (`is_closed`);

--
-- Chỉ mục cho bảng `journals`
--
ALTER TABLE `journals`
  ADD PRIMARY KEY (`id`),
  ADD KEY `journals_journalized_id` (`journalized_id`,`journalized_type`),
  ADD KEY `index_journals_on_user_id` (`user_id`),
  ADD KEY `index_journals_on_journalized_id` (`journalized_id`),
  ADD KEY `index_journals_on_created_on` (`created_on`);

--
-- Chỉ mục cho bảng `journal_details`
--
ALTER TABLE `journal_details`
  ADD PRIMARY KEY (`id`),
  ADD KEY `journal_details_journal_id` (`journal_id`);

--
-- Chỉ mục cho bảng `members`
--
ALTER TABLE `members`
  ADD PRIMARY KEY (`id`),
  ADD UNIQUE KEY `index_members_on_user_id_and_project_id` (`user_id`,`project_id`),
  ADD KEY `index_members_on_user_id` (`user_id`),
  ADD KEY `index_members_on_project_id` (`project_id`);

--
-- Chỉ mục cho bảng `member_roles`
--
ALTER TABLE `member_roles`
  ADD PRIMARY KEY (`id`),
  ADD KEY `index_member_roles_on_member_id` (`member_id`),
  ADD KEY `index_member_roles_on_role_id` (`role_id`),
  ADD KEY `index_member_roles_on_inherited_from` (`inherited_from`);

--
-- Chỉ mục cho bảng `messages`
--
ALTER TABLE `messages`
  ADD PRIMARY KEY (`id`),
  ADD KEY `messages_board_id` (`board_id`),
  ADD KEY `messages_parent_id` (`parent_id`),
  ADD KEY `index_messages_on_last_reply_id` (`last_reply_id`),
  ADD KEY `index_messages_on_author_id` (`author_id`),
  ADD KEY `index_messages_on_created_on` (`created_on`);

--
-- Chỉ mục cho bảng `news`
--
ALTER TABLE `news`
  ADD PRIMARY KEY (`id`),
  ADD KEY `news_project_id` (`project_id`),
  ADD KEY `index_news_on_author_id` (`author_id`),
  ADD KEY `index_news_on_created_on` (`created_on`);

--
-- Chỉ mục cho bảng `projects`
--
ALTER TABLE `projects`
  ADD PRIMARY KEY (`id`),
  ADD KEY `index_projects_on_lft` (`lft`),
  ADD KEY `index_projects_on_rgt` (`rgt`);

--
-- Chỉ mục cho bảng `projects_trackers`
--
ALTER TABLE `projects_trackers`
  ADD UNIQUE KEY `projects_trackers_unique` (`project_id`,`tracker_id`),
  ADD KEY `projects_trackers_project_id` (`project_id`);

--
-- Chỉ mục cho bảng `queries`
--
ALTER TABLE `queries`
  ADD PRIMARY KEY (`id`),
  ADD KEY `index_queries_on_project_id` (`project_id`),
  ADD KEY `index_queries_on_user_id` (`user_id`);

--
-- Chỉ mục cho bảng `queries_roles`
--
ALTER TABLE `queries_roles`
  ADD UNIQUE KEY `queries_roles_ids` (`query_id`,`role_id`);

--
-- Chỉ mục cho bảng `repositories`
--
ALTER TABLE `repositories`
  ADD PRIMARY KEY (`id`),
  ADD KEY `index_repositories_on_project_id` (`project_id`);

--
-- Chỉ mục cho bảng `roles`
--
ALTER TABLE `roles`
  ADD PRIMARY KEY (`id`);

--
-- Chỉ mục cho bảng `roles_managed_roles`
--
ALTER TABLE `roles_managed_roles`
  ADD UNIQUE KEY `index_roles_managed_roles_on_role_id_and_managed_role_id` (`role_id`,`managed_role_id`);

--
-- Chỉ mục cho bảng `schema_migrations`
--
ALTER TABLE `schema_migrations`
  ADD PRIMARY KEY (`version`);

--
-- Chỉ mục cho bảng `settings`
--
ALTER TABLE `settings`
  ADD PRIMARY KEY (`id`),
  ADD KEY `index_settings_on_name` (`name`);

--
-- Chỉ mục cho bảng `time_entries`
--
ALTER TABLE `time_entries`
  ADD PRIMARY KEY (`id`),
  ADD KEY `time_entries_project_id` (`project_id`),
  ADD KEY `time_entries_issue_id` (`issue_id`),
  ADD KEY `index_time_entries_on_activity_id` (`activity_id`),
  ADD KEY `index_time_entries_on_user_id` (`user_id`),
  ADD KEY `index_time_entries_on_created_on` (`created_on`);

--
-- Chỉ mục cho bảng `tokens`
--
ALTER TABLE `tokens`
  ADD PRIMARY KEY (`id`),
  ADD UNIQUE KEY `tokens_value` (`value`),
  ADD KEY `index_tokens_on_user_id` (`user_id`);

--
-- Chỉ mục cho bảng `trackers`
--
ALTER TABLE `trackers`
  ADD PRIMARY KEY (`id`);

--
-- Chỉ mục cho bảng `users`
--
ALTER TABLE `users`
  ADD PRIMARY KEY (`id`),
  ADD KEY `index_users_on_id_and_type` (`id`,`type`),
  ADD KEY `index_users_on_auth_source_id` (`auth_source_id`),
  ADD KEY `index_users_on_type` (`type`);

--
-- Chỉ mục cho bảng `user_preferences`
--
ALTER TABLE `user_preferences`
  ADD PRIMARY KEY (`id`),
  ADD KEY `index_user_preferences_on_user_id` (`user_id`);

--
-- Chỉ mục cho bảng `versions`
--
ALTER TABLE `versions`
  ADD PRIMARY KEY (`id`),
  ADD KEY `versions_project_id` (`project_id`),
  ADD KEY `index_versions_on_sharing` (`sharing`);

--
-- Chỉ mục cho bảng `watchers`
--
ALTER TABLE `watchers`
  ADD PRIMARY KEY (`id`),
  ADD KEY `watchers_user_id_type` (`user_id`,`watchable_type`),
  ADD KEY `index_watchers_on_user_id` (`user_id`),
  ADD KEY `index_watchers_on_watchable_id_and_watchable_type` (`watchable_id`,`watchable_type`);

--
-- Chỉ mục cho bảng `wikis`
--
ALTER TABLE `wikis`
  ADD PRIMARY KEY (`id`),
  ADD KEY `wikis_project_id` (`project_id`);

--
-- Chỉ mục cho bảng `wiki_contents`
--
ALTER TABLE `wiki_contents`
  ADD PRIMARY KEY (`id`),
  ADD KEY `wiki_contents_page_id` (`page_id`),
  ADD KEY `index_wiki_contents_on_author_id` (`author_id`);

--
-- Chỉ mục cho bảng `wiki_content_versions`
--
ALTER TABLE `wiki_content_versions`
  ADD PRIMARY KEY (`id`),
  ADD KEY `wiki_content_versions_wcid` (`wiki_content_id`),
  ADD KEY `index_wiki_content_versions_on_updated_on` (`updated_on`);

--
-- Chỉ mục cho bảng `wiki_pages`
--
ALTER TABLE `wiki_pages`
  ADD PRIMARY KEY (`id`),
  ADD KEY `wiki_pages_wiki_id_title` (`wiki_id`,`title`),
  ADD KEY `index_wiki_pages_on_wiki_id` (`wiki_id`),
  ADD KEY `index_wiki_pages_on_parent_id` (`parent_id`);

--
-- Chỉ mục cho bảng `wiki_redirects`
--
ALTER TABLE `wiki_redirects`
  ADD PRIMARY KEY (`id`),
  ADD KEY `wiki_redirects_wiki_id_title` (`wiki_id`,`title`),
  ADD KEY `index_wiki_redirects_on_wiki_id` (`wiki_id`);

--
-- Chỉ mục cho bảng `workflows`
--
ALTER TABLE `workflows`
  ADD PRIMARY KEY (`id`),
  ADD KEY `wkfs_role_tracker_old_status` (`role_id`,`tracker_id`,`old_status_id`),
  ADD KEY `index_workflows_on_old_status_id` (`old_status_id`),
  ADD KEY `index_workflows_on_role_id` (`role_id`),
  ADD KEY `index_workflows_on_new_status_id` (`new_status_id`),
  ADD KEY `index_workflows_on_tracker_id` (`tracker_id`);

--
-- AUTO_INCREMENT cho các bảng đã đổ
--

--
-- AUTO_INCREMENT cho bảng `attachments`
--
ALTER TABLE `attachments`
  MODIFY `id` int(11) NOT NULL AUTO_INCREMENT, AUTO_INCREMENT=3;

--
-- AUTO_INCREMENT cho bảng `auth_sources`
--
ALTER TABLE `auth_sources`
  MODIFY `id` int(11) NOT NULL AUTO_INCREMENT;

--
-- AUTO_INCREMENT cho bảng `boards`
--
ALTER TABLE `boards`
  MODIFY `id` int(11) NOT NULL AUTO_INCREMENT;

--
-- AUTO_INCREMENT cho bảng `changes`
--
ALTER TABLE `changes`
  MODIFY `id` int(11) NOT NULL AUTO_INCREMENT;

--
-- AUTO_INCREMENT cho bảng `changesets`
--
ALTER TABLE `changesets`
  MODIFY `id` int(11) NOT NULL AUTO_INCREMENT;

--
-- AUTO_INCREMENT cho bảng `comments`
--
ALTER TABLE `comments`
  MODIFY `id` int(11) NOT NULL AUTO_INCREMENT;

--
-- AUTO_INCREMENT cho bảng `custom_fields`
--
ALTER TABLE `custom_fields`
  MODIFY `id` int(11) NOT NULL AUTO_INCREMENT;

--
-- AUTO_INCREMENT cho bảng `custom_field_enumerations`
--
ALTER TABLE `custom_field_enumerations`
  MODIFY `id` int(11) NOT NULL AUTO_INCREMENT;

--
-- AUTO_INCREMENT cho bảng `custom_values`
--
ALTER TABLE `custom_values`
  MODIFY `id` int(11) NOT NULL AUTO_INCREMENT;

--
-- AUTO_INCREMENT cho bảng `documents`
--
ALTER TABLE `documents`
  MODIFY `id` int(11) NOT NULL AUTO_INCREMENT;

--
-- AUTO_INCREMENT cho bảng `email_addresses`
--
ALTER TABLE `email_addresses`
  MODIFY `id` int(11) NOT NULL AUTO_INCREMENT, AUTO_INCREMENT=4;

--
-- AUTO_INCREMENT cho bảng `enabled_modules`
--
ALTER TABLE `enabled_modules`
  MODIFY `id` int(11) NOT NULL AUTO_INCREMENT, AUTO_INCREMENT=21;

--
-- AUTO_INCREMENT cho bảng `enumerations`
--
ALTER TABLE `enumerations`
  MODIFY `id` int(11) NOT NULL AUTO_INCREMENT, AUTO_INCREMENT=10;

--
-- AUTO_INCREMENT cho bảng `imports`
--
ALTER TABLE `imports`
  MODIFY `id` int(11) NOT NULL AUTO_INCREMENT;

--
-- AUTO_INCREMENT cho bảng `import_items`
--
ALTER TABLE `import_items`
  MODIFY `id` int(11) NOT NULL AUTO_INCREMENT;

--
-- AUTO_INCREMENT cho bảng `issues`
--
ALTER TABLE `issues`
  MODIFY `id` int(11) NOT NULL AUTO_INCREMENT, AUTO_INCREMENT=15;

--
-- AUTO_INCREMENT cho bảng `issue_categories`
--
ALTER TABLE `issue_categories`
  MODIFY `id` int(11) NOT NULL AUTO_INCREMENT;

--
-- AUTO_INCREMENT cho bảng `issue_relations`
--
ALTER TABLE `issue_relations`
  MODIFY `id` int(11) NOT NULL AUTO_INCREMENT;

--
-- AUTO_INCREMENT cho bảng `issue_statuses`
--
ALTER TABLE `issue_statuses`
  MODIFY `id` int(11) NOT NULL AUTO_INCREMENT, AUTO_INCREMENT=7;

--
-- AUTO_INCREMENT cho bảng `journals`
--
ALTER TABLE `journals`
  MODIFY `id` int(11) NOT NULL AUTO_INCREMENT, AUTO_INCREMENT=68;

--
-- AUTO_INCREMENT cho bảng `journal_details`
--
ALTER TABLE `journal_details`
  MODIFY `id` int(11) NOT NULL AUTO_INCREMENT, AUTO_INCREMENT=85;

--
-- AUTO_INCREMENT cho bảng `members`
--
ALTER TABLE `members`
  MODIFY `id` int(11) NOT NULL AUTO_INCREMENT, AUTO_INCREMENT=4;

--
-- AUTO_INCREMENT cho bảng `member_roles`
--
ALTER TABLE `member_roles`
  MODIFY `id` int(11) NOT NULL AUTO_INCREMENT, AUTO_INCREMENT=10;

--
-- AUTO_INCREMENT cho bảng `messages`
--
ALTER TABLE `messages`
  MODIFY `id` int(11) NOT NULL AUTO_INCREMENT;

--
-- AUTO_INCREMENT cho bảng `news`
--
ALTER TABLE `news`
  MODIFY `id` int(11) NOT NULL AUTO_INCREMENT;

--
-- AUTO_INCREMENT cho bảng `projects`
--
ALTER TABLE `projects`
  MODIFY `id` int(11) NOT NULL AUTO_INCREMENT, AUTO_INCREMENT=3;

--
-- AUTO_INCREMENT cho bảng `queries`
--
ALTER TABLE `queries`
  MODIFY `id` int(11) NOT NULL AUTO_INCREMENT, AUTO_INCREMENT=8;

--
-- AUTO_INCREMENT cho bảng `repositories`
--
ALTER TABLE `repositories`
  MODIFY `id` int(11) NOT NULL AUTO_INCREMENT;

--
-- AUTO_INCREMENT cho bảng `roles`
--
ALTER TABLE `roles`
  MODIFY `id` int(11) NOT NULL AUTO_INCREMENT, AUTO_INCREMENT=6;

--
-- AUTO_INCREMENT cho bảng `settings`
--
ALTER TABLE `settings`
  MODIFY `id` int(11) NOT NULL AUTO_INCREMENT, AUTO_INCREMENT=2;

--
-- AUTO_INCREMENT cho bảng `time_entries`
--
ALTER TABLE `time_entries`
  MODIFY `id` int(11) NOT NULL AUTO_INCREMENT, AUTO_INCREMENT=10;

--
-- AUTO_INCREMENT cho bảng `tokens`
--
ALTER TABLE `tokens`
  MODIFY `id` int(11) NOT NULL AUTO_INCREMENT, AUTO_INCREMENT=11;

--
-- AUTO_INCREMENT cho bảng `trackers`
--
ALTER TABLE `trackers`
  MODIFY `id` int(11) NOT NULL AUTO_INCREMENT, AUTO_INCREMENT=4;

--
-- AUTO_INCREMENT cho bảng `users`
--
ALTER TABLE `users`
  MODIFY `id` int(11) NOT NULL AUTO_INCREMENT, AUTO_INCREMENT=7;

--
-- AUTO_INCREMENT cho bảng `user_preferences`
--
ALTER TABLE `user_preferences`
  MODIFY `id` int(11) NOT NULL AUTO_INCREMENT, AUTO_INCREMENT=4;

--
-- AUTO_INCREMENT cho bảng `versions`
--
ALTER TABLE `versions`
  MODIFY `id` int(11) NOT NULL AUTO_INCREMENT, AUTO_INCREMENT=2;

--
-- AUTO_INCREMENT cho bảng `watchers`
--
ALTER TABLE `watchers`
  MODIFY `id` int(11) NOT NULL AUTO_INCREMENT, AUTO_INCREMENT=27;

--
-- AUTO_INCREMENT cho bảng `wikis`
--
ALTER TABLE `wikis`
  MODIFY `id` int(11) NOT NULL AUTO_INCREMENT, AUTO_INCREMENT=3;

--
-- AUTO_INCREMENT cho bảng `wiki_contents`
--
ALTER TABLE `wiki_contents`
  MODIFY `id` int(11) NOT NULL AUTO_INCREMENT;

--
-- AUTO_INCREMENT cho bảng `wiki_content_versions`
--
ALTER TABLE `wiki_content_versions`
  MODIFY `id` int(11) NOT NULL AUTO_INCREMENT;

--
-- AUTO_INCREMENT cho bảng `wiki_pages`
--
ALTER TABLE `wiki_pages`
  MODIFY `id` int(11) NOT NULL AUTO_INCREMENT;

--
-- AUTO_INCREMENT cho bảng `wiki_redirects`
--
ALTER TABLE `wiki_redirects`
  MODIFY `id` int(11) NOT NULL AUTO_INCREMENT;

--
-- AUTO_INCREMENT cho bảng `workflows`
--
ALTER TABLE `workflows`
  MODIFY `id` int(11) NOT NULL AUTO_INCREMENT, AUTO_INCREMENT=145;
COMMIT;

/*!40101 SET CHARACTER_SET_CLIENT=@OLD_CHARACTER_SET_CLIENT */;
/*!40101 SET CHARACTER_SET_RESULTS=@OLD_CHARACTER_SET_RESULTS */;
/*!40101 SET COLLATION_CONNECTION=@OLD_COLLATION_CONNECTION */;
